alvo_data,teimosinha_n,min_hits,custo15,custo_total,payout_total,profit,PASS,win_at,best_hits
06/10/2003,37,14,1.0,148.0,0.0,-148.0,False,,12
13/10/2003,37,14,1.0,148.0,0.0,-148.0,False,,13
20/10/2003,37,14,1.0,148.0,0.0,-148.0,False,,12
27/10/2003,37,14,1.0,148.0,0.0,-148.0,False,,12
03/11/2003,37,14,1.0,148.0,0.0,-148.0,False,,13
10/11/2003,37,14,1.0,148.0,0.0,-148.0,False,,12
17/11/2003,37,14,1.0,148.0,0.0,-148.0,False,,13
24/11/2003,37,14,1.0,148.0,0.0,-148.0,False,,12
01/12/2003,37,14,1.0,148.0,0.0,-148.0,False,,12
08/12/2003,37,14,1.0,148.0,0.0,-148.0,False,,13
15/12/2003,37,14,1.0,148.0,0.0,-148.0,False,,12
22/12/2003,37,14,1.0,148.0,0.0,-148.0,False,,12
29/12/2003,37,14,1.0,148.0,0.0,-148.0,False,,12
05/01/2004,37,14,1.0,148.0,0.0,-148.0,False,,12
12/01/2004,37,14,1.0,148.0,0.0,-148.0,False,,13
19/01/2004,37,14,1.0,148.0,0.0,-148.0,False,,13
26/01/2004,37,14,1.0,148.0,0.0,-148.0,False,,13
02/02/2004,37,14,1.0,148.0,0.0,-148.0,False,,12
09/02/2004,37,14,1.0,148.0,0.0,-148.0,False,,11
16/02/2004,37,14,1.0,148.0,0.0,-148.0,False,,12
25/02/2004,37,14,1.0,148.0,0.0,-148.0,False,,12
01/03/2004,37,14,1.0,148.0,0.0,-148.0,False,,12
08/03/2004,37,14,1.0,148.0,0.0,-148.0,False,,12
15/03/2004,37,14,1.0,148.0,0.0,-148.0,False,,12
22/03/2004,37,14,1.0,148.0,0.0,-148.0,False,,12
29/03/2004,37,14,1.0,148.0,0.0,-148.0,False,,12
05/04/2004,37,14,1.0,148.0,0.0,-148.0,False,,12
12/04/2004,37,14,1.0,148.0,0.0,-148.0,False,,12
19/04/2004,37,14,1.0,148.0,0.0,-148.0,False,,12
26/04/2004,37,14,1.0,148.0,0.0,-148.0,False,,12
03/05/2004,37,14,1.0,148.0,0.0,-148.0,False,,13
10/05/2004,37,14,1.0,148.0,0.0,-148.0,False,,12
17/05/2004,37,14,1.0,148.0,0.0,-148.0,False,,12
24/05/2004,37,14,1.0,148.0,0.0,-148.0,False,,12
31/05/2004,37,14,1.0,148.0,0.0,-148.0,False,,13
07/06/2004,37,14,1.0,148.0,0.0,-148.0,False,,12
14/06/2004,37,14,1.0,148.0,0.0,-148.0,False,,12
21/06/2004,37,14,1.0,148.0,0.0,-148.0,False,,12
28/06/2004,37,14,1.0,148.0,0.0,-148.0,False,,12
05/07/2004,37,14,1.0,148.0,0.0,-148.0,False,,11
12/07/2004,37,14,1.0,148.0,0.0,-148.0,False,,12
19/07/2004,37,14,1.0,148.0,0.0,-148.0,False,,11
26/07/2004,37,14,1.0,148.0,0.0,-148.0,False,,12
02/08/2004,37,14,1.0,148.0,0.0,-148.0,False,,12
09/08/2004,37,14,1.0,148.0,0.0,-148.0,False,,12
16/08/2004,37,14,1.0,148.0,0.0,-148.0,False,,12
23/08/2004,37,14,1.0,148.0,0.0,-148.0,False,,12
30/08/2004,37,14,1.0,148.0,0.0,-148.0,False,,13
06/09/2004,37,14,1.0,148.0,0.0,-148.0,False,,13
13/09/2004,37,14,1.0,148.0,0.0,-148.0,False,,12
20/09/2004,37,14,1.0,148.0,0.0,-148.0,False,,12
27/09/2004,37,14,1.0,148.0,0.0,-148.0,False,,12
04/10/2004,37,14,1.0,148.0,0.0,-148.0,False,,12
11/10/2004,37,14,1.0,148.0,0.0,-148.0,False,,11
18/10/2004,37,14,1.0,148.0,0.0,-148.0,False,,12
25/10/2004,37,14,1.0,148.0,0.0,-148.0,False,,11
01/11/2004,37,14,1.0,148.0,0.0,-148.0,False,,11
08/11/2004,37,14,1.0,148.0,0.0,-148.0,False,,12
16/11/2004,37,14,1.0,148.0,0.0,-148.0,False,,12
22/11/2004,37,14,1.0,148.0,0.0,-148.0,False,,12
29/11/2004,37,14,1.0,148.0,0.0,-148.0,False,,12
06/12/2004,37,14,1.0,148.0,0.0,-148.0,False,,12
13/12/2004,37,14,1.0,148.0,0.0,-148.0,False,,12
20/12/2004,37,14,1.0,148.0,0.0,-148.0,False,,12
27/12/2004,37,14,1.0,148.0,0.0,-148.0,False,,12
03/01/2005,37,14,1.0,148.0,0.0,-148.0,False,,11
10/01/2005,37,14,1.0,148.0,0.0,-148.0,False,,11
17/01/2005,37,14,1.0,148.0,0.0,-148.0,False,,11
24/01/2005,37,14,1.0,148.0,0.0,-148.0,False,,12
31/01/2005,37,14,1.0,148.0,0.0,-148.0,False,,12
09/02/2005,37,14,1.0,148.0,0.0,-148.0,False,,12
14/02/2005,37,14,1.0,148.0,0.0,-148.0,False,,12
21/02/2005,37,14,1.0,148.0,0.0,-148.0,False,,12
28/02/2005,37,14,1.0,148.0,0.0,-148.0,False,,12
07/03/2005,37,14,1.0,148.0,0.0,-148.0,False,,12
14/03/2005,37,14,1.0,148.0,0.0,-148.0,False,,12
21/03/2005,37,14,1.0,148.0,0.0,-148.0,False,,13
28/03/2005,37,14,1.0,148.0,0.0,-148.0,False,,12
04/04/2005,37,14,1.0,148.0,0.0,-148.0,False,,13
11/04/2005,37,14,1.0,148.0,0.0,-148.0,False,,12
18/04/2005,37,14,1.0,148.0,0.0,-148.0,False,,13
25/04/2005,37,14,1.0,148.0,0.0,-148.0,False,,12
02/05/2005,37,14,1.0,148.0,0.0,-148.0,False,,12
09/05/2005,37,14,1.0,148.0,0.0,-148.0,False,,12
16/05/2005,37,14,1.0,148.0,0.0,-148.0,False,,12
23/05/2005,37,14,1.0,148.0,0.0,-148.0,False,,12
30/05/2005,37,14,1.0,148.0,0.0,-148.0,False,,13
06/06/2005,37,14,1.0,148.0,0.0,-148.0,False,,12
13/06/2005,37,14,1.0,148.0,0.0,-148.0,False,,12
20/06/2005,37,14,1.0,148.0,0.0,-148.0,False,,12
27/06/2005,37,14,1.0,148.0,0.0,-148.0,False,,12
04/07/2005,37,14,1.0,148.0,0.0,-148.0,False,,12
11/07/2005,37,14,1.0,148.0,0.0,-148.0,False,,12
18/07/2005,37,14,1.0,148.0,0.0,-148.0,False,,12
25/07/2005,37,14,1.0,148.0,0.0,-148.0,False,,12
02/08/2005,37,14,1.0,148.0,0.0,-148.0,False,,12
08/08/2005,37,14,1.0,148.0,0.0,-148.0,False,,12
15/08/2005,37,14,1.0,148.0,0.0,-148.0,False,,12
22/08/2005,37,14,1.0,148.0,0.0,-148.0,False,,12
29/08/2005,37,14,1.0,148.0,0.0,-148.0,False,,12
05/09/2005,37,14,1.0,148.0,0.0,-148.0,False,,12
12/09/2005,37,14,1.0,148.0,0.0,-148.0,False,,12
19/09/2005,37,14,1.0,148.0,0.0,-148.0,False,,13
26/09/2005,37,14,1.0,148.0,0.0,-148.0,False,,12
03/10/2005,37,14,1.0,148.0,0.0,-148.0,False,,11
10/10/2005,37,14,1.0,148.0,0.0,-148.0,False,,12
17/10/2005,37,14,1.0,148.0,0.0,-148.0,False,,12
24/10/2005,37,14,1.0,148.0,0.0,-148.0,False,,13
31/10/2005,37,14,1.0,148.0,0.0,-148.0,False,,12
07/11/2005,37,14,1.0,148.0,0.0,-148.0,False,,12
14/11/2005,37,14,1.0,148.0,0.0,-148.0,False,,12
21/11/2005,37,14,1.0,148.0,0.0,-148.0,False,,12
28/11/2005,37,14,1.0,148.0,0.0,-148.0,False,,13
05/12/2005,37,14,1.0,148.0,0.0,-148.0,False,,12
12/12/2005,37,14,1.0,148.0,0.0,-148.0,False,,11
19/12/2005,37,14,1.0,148.0,0.0,-148.0,False,,12
27/12/2005,37,14,1.0,148.0,0.0,-148.0,False,,12
02/01/2006,37,14,1.0,148.0,0.0,-148.0,False,,12
09/01/2006,37,14,1.0,148.0,0.0,-148.0,False,,12
16/01/2006,37,14,1.0,148.0,0.0,-148.0,False,,12
23/01/2006,37,14,1.0,148.0,0.0,-148.0,False,,13
30/01/2006,37,14,1.0,148.0,0.0,-148.0,False,,13
06/02/2006,37,14,1.0,148.0,0.0,-148.0,False,,12
13/02/2006,37,14,1.0,148.0,0.0,-148.0,False,,13
20/02/2006,37,14,1.0,148.0,0.0,-148.0,False,,12
01/03/2006,37,14,1.0,148.0,0.0,-148.0,False,,12
06/03/2006,37,14,1.0,148.0,0.0,-148.0,False,,12
13/03/2006,37,14,1.0,148.0,0.0,-148.0,False,,12
20/03/2006,37,14,1.0,148.0,0.0,-148.0,False,,12
27/03/2006,37,14,1.0,148.0,0.0,-148.0,False,,12
03/04/2006,37,14,1.0,148.0,0.0,-148.0,False,,12
10/04/2006,37,14,1.0,148.0,0.0,-148.0,False,,12
17/04/2006,37,14,1.0,148.0,0.0,-148.0,False,,12
24/04/2006,37,14,1.0,148.0,0.0,-148.0,False,,12
02/05/2006,37,14,1.0,148.0,0.0,-148.0,False,,13
08/05/2006,37,14,1.0,148.0,0.0,-148.0,False,,12
15/05/2006,37,14,1.0,148.0,0.0,-148.0,False,,12
22/05/2006,37,14,1.0,148.0,0.0,-148.0,False,,12
29/05/2006,37,14,1.0,148.0,0.0,-148.0,False,,12
05/06/2006,37,14,1.0,148.0,0.0,-148.0,False,,11
12/06/2006,37,14,1.0,148.0,0.0,-148.0,False,,12
19/06/2006,37,14,1.0,148.0,0.0,-148.0,False,,12
26/06/2006,37,14,1.0,148.0,0.0,-148.0,False,,12
03/07/2006,37,14,1.0,148.0,0.0,-148.0,False,,12
10/07/2006,37,14,1.0,148.0,0.0,-148.0,False,,12
17/07/2006,37,14,1.0,148.0,0.0,-148.0,False,,12
24/07/2006,37,14,1.0,148.0,0.0,-148.0,False,,12
01/08/2006,37,14,1.0,148.0,0.0,-148.0,False,,11
07/08/2006,37,14,1.0,148.0,0.0,-148.0,False,,12
14/08/2006,37,14,1.0,148.0,0.0,-148.0,False,,12
21/08/2006,37,14,1.0,148.0,0.0,-148.0,False,,12
28/08/2006,37,14,1.0,148.0,0.0,-148.0,False,,12
04/09/2006,37,14,1.0,148.0,0.0,-148.0,False,,12
11/09/2006,37,14,1.0,148.0,0.0,-148.0,False,,12
18/09/2006,37,14,1.0,148.0,0.0,-148.0,False,,12
25/09/2006,37,14,1.0,148.0,0.0,-148.0,False,,12
02/10/2006,37,14,1.0,148.0,0.0,-148.0,False,,12
09/10/2006,37,14,1.0,148.0,0.0,-148.0,False,,12
16/10/2006,37,14,1.0,148.0,0.0,-148.0,False,,12
19/10/2006,37,14,1.0,148.0,0.0,-148.0,False,,12
23/10/2006,37,14,1.0,148.0,0.0,-148.0,False,,12
26/10/2006,37,14,1.0,148.0,0.0,-148.0,False,,12
30/10/2006,37,14,1.0,148.0,0.0,-148.0,False,,13
03/11/2006,37,14,1.0,148.0,0.0,-148.0,False,,13
06/11/2006,37,14,1.0,148.0,0.0,-148.0,False,,13
09/11/2006,37,14,1.0,148.0,0.0,-148.0,False,,12
13/11/2006,37,14,1.0,148.0,0.0,-148.0,False,,12
16/11/2006,37,14,1.0,148.0,0.0,-148.0,False,,12
21/11/2006,37,14,1.0,148.0,0.0,-148.0,False,,13
23/11/2006,37,14,1.0,148.0,0.0,-148.0,False,,12
27/11/2006,37,14,1.0,148.0,0.0,-148.0,False,,12
30/11/2006,37,14,1.0,148.0,0.0,-148.0,False,,13
04/12/2006,37,14,1.0,148.0,0.0,-148.0,False,,13
07/12/2006,37,14,1.0,148.0,0.0,-148.0,False,,12
11/12/2006,37,14,1.0,148.0,0.0,-148.0,False,,13
14/12/2006,37,14,1.0,148.0,0.0,-148.0,False,,13
18/12/2006,37,14,1.0,148.0,0.0,-148.0,False,,13
21/12/2006,37,14,1.0,148.0,0.0,-148.0,False,,13
26/12/2006,37,14,1.0,148.0,0.0,-148.0,False,,13
28/12/2006,37,14,1.0,148.0,0.0,-148.0,False,,12
02/01/2007,37,14,1.0,148.0,0.0,-148.0,False,,12
04/01/2007,37,14,1.0,148.0,0.0,-148.0,False,,12
08/01/2007,37,14,1.0,148.0,0.0,-148.0,False,,12
11/01/2007,37,14,1.0,148.0,0.0,-148.0,False,,13
15/01/2007,37,14,1.0,148.0,0.0,-148.0,False,,13
18/01/2007,37,14,1.0,148.0,0.0,-148.0,False,,13
22/01/2007,37,14,1.0,148.0,0.0,-148.0,False,,13
25/01/2007,37,14,1.0,148.0,0.0,-148.0,False,,12
29/01/2007,37,14,1.0,148.0,0.0,-148.0,False,,12
01/02/2007,37,14,1.0,148.0,0.0,-148.0,False,,13
05/02/2007,37,14,1.0,148.0,0.0,-148.0,False,,12
08/02/2007,37,14,1.0,148.0,0.0,-148.0,False,,12
12/02/2007,37,14,1.0,148.0,0.0,-148.0,False,,12
15/02/2007,37,14,1.0,148.0,0.0,-148.0,False,,13
22/02/2007,37,14,1.0,148.0,0.0,-148.0,False,,12
26/02/2007,37,14,1.0,148.0,0.0,-148.0,False,,12
01/03/2007,37,14,1.0,148.0,0.0,-148.0,False,,12
05/03/2007,37,14,1.0,148.0,0.0,-148.0,False,,13
08/03/2007,37,14,1.0,148.0,0.0,-148.0,False,,12
12/03/2007,37,14,1.0,148.0,0.0,-148.0,False,,12
15/03/2007,37,14,1.0,148.0,0.0,-148.0,False,,12
19/03/2007,37,14,1.0,148.0,0.0,-148.0,False,,12
22/03/2007,37,14,1.0,148.0,0.0,-148.0,False,,13
26/03/2007,37,14,1.0,148.0,0.0,-148.0,False,,12
29/03/2007,37,14,1.0,148.0,0.0,-148.0,False,,12
02/04/2007,37,14,1.0,148.0,0.0,-148.0,False,,11
05/04/2007,37,14,1.0,148.0,0.0,-148.0,False,,12
09/04/2007,37,14,1.0,148.0,0.0,-148.0,False,,13
12/04/2007,37,14,1.0,148.0,0.0,-148.0,False,,12
16/04/2007,37,14,1.0,148.0,0.0,-148.0,False,,11
19/04/2007,37,14,1.0,148.0,0.0,-148.0,False,,12
23/04/2007,37,14,1.0,148.0,0.0,-148.0,False,,12
26/04/2007,37,14,1.0,148.0,0.0,-148.0,False,,12
30/04/2007,37,14,1.0,148.0,0.0,-148.0,False,,12
03/05/2007,37,14,1.0,148.0,0.0,-148.0,False,,12
07/05/2007,37,14,1.0,148.0,0.0,-148.0,False,,12
10/05/2007,37,14,1.0,148.0,0.0,-148.0,False,,13
14/05/2007,37,14,1.0,148.0,0.0,-148.0,False,,12
17/05/2007,37,14,1.0,148.0,0.0,-148.0,False,,12
21/05/2007,37,14,1.0,148.0,0.0,-148.0,False,,13
24/05/2007,37,14,1.0,148.0,0.0,-148.0,False,,13
28/05/2007,37,14,1.0,148.0,0.0,-148.0,False,,13
31/05/2007,37,14,1.0,148.0,0.0,-148.0,False,,13
04/06/2007,37,14,1.0,148.0,0.0,-148.0,False,,12
08/06/2007,37,14,1.0,148.0,0.0,-148.0,False,,12
11/06/2007,37,14,1.0,148.0,0.0,-148.0,False,,12
14/06/2007,37,14,1.0,148.0,0.0,-148.0,False,,12
18/06/2007,37,14,1.0,148.0,0.0,-148.0,False,,12
21/06/2007,37,14,1.0,148.0,0.0,-148.0,False,,13
25/06/2007,37,14,1.0,148.0,0.0,-148.0,False,,12
28/06/2007,37,14,1.0,148.0,0.0,-148.0,False,,12
02/07/2007,37,14,1.0,148.0,0.0,-148.0,False,,12
05/07/2007,37,14,1.0,148.0,0.0,-148.0,False,,13
09/07/2007,37,14,1.0,148.0,0.0,-148.0,False,,12
12/07/2007,37,14,1.0,148.0,0.0,-148.0,False,,12
16/07/2007,37,14,1.0,148.0,0.0,-148.0,False,,12
19/07/2007,37,14,1.0,148.0,0.0,-148.0,False,,13
23/07/2007,37,14,1.0,148.0,0.0,-148.0,False,,12
26/07/2007,37,14,1.0,148.0,0.0,-148.0,False,,12
30/07/2007,37,14,1.0,148.0,0.0,-148.0,False,,12
02/08/2007,37,14,1.0,148.0,0.0,-148.0,False,,13
06/08/2007,37,14,1.0,148.0,0.0,-148.0,False,,13
09/08/2007,37,14,1.0,148.0,0.0,-148.0,False,,13
13/08/2007,37,14,1.0,148.0,0.0,-148.0,False,,13
16/08/2007,37,14,1.0,148.0,0.0,-148.0,False,,13
20/08/2007,37,14,1.0,148.0,0.0,-148.0,False,,13
23/08/2007,37,14,1.0,148.0,0.0,-148.0,False,,13
27/08/2007,37,14,1.0,148.0,0.0,-148.0,False,,13
30/08/2007,37,14,1.0,148.0,0.0,-148.0,False,,13
03/09/2007,37,14,1.0,148.0,35.13,-112.87,False,28,14
06/09/2007,37,14,1.0,148.0,35.13,-112.87,False,27,14
10/09/2007,37,14,1.0,148.0,35.13,-112.87,False,26,14
13/09/2007,37,14,1.0,148.0,35.13,-112.87,False,25,14
17/09/2007,37,14,1.0,148.0,35.13,-112.87,False,24,14
20/09/2007,37,14,1.0,148.0,35.13,-112.87,False,23,14
24/09/2007,37,14,1.0,148.0,35.13,-112.87,False,22,14
27/09/2007,37,14,1.0,148.0,0.0,-148.0,False,,13
01/10/2007,37,14,1.0,148.0,0.0,-148.0,False,,13
04/10/2007,37,14,1.0,148.0,35.13,-112.87,False,19,14
08/10/2007,37,14,1.0,148.0,35.13,-112.87,False,18,14
11/10/2007,37,14,1.0,148.0,35.13,-112.87,False,17,14
15/10/2007,37,14,1.0,148.0,0.0,-148.0,False,,13
18/10/2007,37,14,1.0,148.0,0.0,-148.0,False,,13
22/10/2007,37,14,1.0,148.0,0.0,-148.0,False,,13
25/10/2007,37,14,1.0,148.0,0.0,-148.0,False,,13
29/10/2007,37,14,1.0,148.0,0.0,-148.0,False,,12
01/11/2007,37,14,1.0,148.0,0.0,-148.0,False,,12
05/11/2007,37,14,1.0,148.0,0.0,-148.0,False,,12
08/11/2007,37,14,1.0,148.0,0.0,-148.0,False,,12
12/11/2007,37,14,1.0,148.0,0.0,-148.0,False,,12
16/11/2007,37,14,1.0,148.0,0.0,-148.0,False,,12
19/11/2007,37,14,1.0,148.0,0.0,-148.0,False,,12
22/11/2007,37,14,1.0,148.0,0.0,-148.0,False,,13
26/11/2007,37,14,1.0,148.0,0.0,-148.0,False,,12
29/11/2007,37,14,1.0,148.0,0.0,-148.0,False,,12
03/12/2007,37,14,1.0,148.0,0.0,-148.0,False,,13
06/12/2007,37,14,1.0,148.0,0.0,-148.0,False,,12
10/12/2007,37,14,1.0,148.0,0.0,-148.0,False,,12
13/12/2007,37,14,1.0,148.0,0.0,-148.0,False,,12
17/12/2007,37,14,1.0,148.0,0.0,-148.0,False,,12
20/12/2007,37,14,1.0,148.0,0.0,-148.0,False,,12
22/12/2007,37,14,1.0,148.0,0.0,-148.0,False,,12
27/12/2007,37,14,1.0,148.0,0.0,-148.0,False,,12
29/12/2007,37,14,1.0,148.0,0.0,-148.0,False,,12
03/01/2008,37,14,1.0,148.0,0.0,-148.0,False,,12
07/01/2008,37,14,1.0,148.0,0.0,-148.0,False,,12
10/01/2008,37,14,1.0,148.0,0.0,-148.0,False,,12
14/01/2008,37,14,1.0,148.0,0.0,-148.0,False,,12
17/01/2008,37,14,1.0,148.0,0.0,-148.0,False,,12
21/01/2008,37,14,1.0,148.0,0.0,-148.0,False,,11
24/01/2008,37,14,1.0,148.0,0.0,-148.0,False,,12
28/01/2008,37,14,1.0,148.0,0.0,-148.0,False,,13
31/01/2008,37,14,1.0,148.0,0.0,-148.0,False,,11
07/02/2008,37,14,1.0,148.0,0.0,-148.0,False,,12
11/02/2008,37,14,1.0,148.0,0.0,-148.0,False,,13
14/02/2008,37,14,1.0,148.0,0.0,-148.0,False,,12
18/02/2008,37,14,1.0,148.0,0.0,-148.0,False,,12
21/02/2008,37,14,1.0,148.0,0.0,-148.0,False,,12
25/02/2008,37,14,1.0,148.0,0.0,-148.0,False,,11
28/02/2008,37,14,1.0,148.0,0.0,-148.0,False,,11
03/03/2008,37,14,1.0,148.0,0.0,-148.0,False,,11
06/03/2008,37,14,1.0,148.0,0.0,-148.0,False,,12
10/03/2008,37,14,1.0,148.0,0.0,-148.0,False,,11
13/03/2008,37,14,1.0,148.0,0.0,-148.0,False,,12
17/03/2008,37,14,1.0,148.0,0.0,-148.0,False,,12
20/03/2008,37,14,1.0,148.0,0.0,-148.0,False,,11
24/03/2008,37,14,1.0,148.0,0.0,-148.0,False,,11
27/03/2008,37,14,1.0,148.0,0.0,-148.0,False,,12
31/03/2008,37,14,1.0,148.0,0.0,-148.0,False,,11
03/04/2008,37,14,1.0,148.0,0.0,-148.0,False,,12
07/04/2008,37,14,1.0,148.0,0.0,-148.0,False,,12
10/04/2008,37,14,1.0,148.0,0.0,-148.0,False,,12
14/04/2008,37,14,1.0,148.0,0.0,-148.0,False,,12
17/04/2008,37,14,1.0,148.0,0.0,-148.0,False,,12
22/04/2008,37,14,1.0,148.0,0.0,-148.0,False,,12
24/04/2008,37,14,1.0,148.0,0.0,-148.0,False,,12
28/04/2008,37,14,1.0,148.0,0.0,-148.0,False,,11
02/05/2008,37,14,1.0,148.0,0.0,-148.0,False,,12
05/05/2008,37,14,1.0,148.0,0.0,-148.0,False,,13
08/05/2008,37,14,1.0,148.0,0.0,-148.0,False,,12
12/05/2008,37,14,1.0,148.0,0.0,-148.0,False,,12
15/05/2008,37,14,1.0,148.0,0.0,-148.0,False,,13
19/05/2008,37,14,1.0,148.0,0.0,-148.0,False,,12
23/05/2008,37,14,1.0,148.0,0.0,-148.0,False,,12
26/05/2008,37,14,1.0,148.0,0.0,-148.0,False,,12
29/05/2008,37,14,1.0,148.0,0.0,-148.0,False,,11
02/06/2008,37,14,1.0,148.0,0.0,-148.0,False,,12
05/06/2008,37,14,1.0,148.0,0.0,-148.0,False,,12
09/06/2008,37,14,1.0,148.0,0.0,-148.0,False,,12
12/06/2008,37,14,1.0,148.0,0.0,-148.0,False,,12
16/06/2008,37,14,1.0,148.0,0.0,-148.0,False,,12
19/06/2008,37,14,1.0,148.0,0.0,-148.0,False,,12
23/06/2008,37,14,1.0,148.0,0.0,-148.0,False,,12
26/06/2008,37,14,1.0,148.0,0.0,-148.0,False,,12
30/06/2008,37,14,1.0,148.0,0.0,-148.0,False,,12
03/07/2008,37,14,1.0,148.0,0.0,-148.0,False,,12
07/07/2008,37,14,1.0,148.0,0.0,-148.0,False,,12
10/07/2008,37,14,1.0,148.0,0.0,-148.0,False,,12
14/07/2008,37,14,1.0,148.0,0.0,-148.0,False,,12
17/07/2008,37,14,1.0,148.0,0.0,-148.0,False,,12
21/07/2008,37,14,1.0,148.0,0.0,-148.0,False,,13
24/07/2008,37,14,1.0,148.0,0.0,-148.0,False,,12
28/07/2008,37,14,1.0,148.0,0.0,-148.0,False,,12
31/07/2008,37,14,1.0,148.0,0.0,-148.0,False,,12
04/08/2008,37,14,1.0,148.0,0.0,-148.0,False,,12
07/08/2008,37,14,1.0,148.0,0.0,-148.0,False,,12
11/08/2008,37,14,1.0,148.0,0.0,-148.0,False,,12
14/08/2008,37,14,1.0,148.0,0.0,-148.0,False,,13
18/08/2008,37,14,1.0,148.0,0.0,-148.0,False,,13
21/08/2008,37,14,1.0,148.0,0.0,-148.0,False,,12
25/08/2008,37,14,1.0,148.0,0.0,-148.0,False,,12
28/08/2008,37,14,1.0,148.0,396.66,248.66,True,25,14
01/09/2008,37,14,1.0,148.0,0.0,-148.0,False,,13
04/09/2008,37,14,1.0,148.0,0.0,-148.0,False,,12
08/09/2008,37,14,1.0,148.0,0.0,-148.0,False,,12
11/09/2008,37,14,1.0,148.0,0.0,-148.0,False,,12
15/09/2008,37,14,1.0,148.0,0.0,-148.0,False,,12
18/09/2008,37,14,1.0,148.0,0.0,-148.0,False,,12
22/09/2008,37,14,1.0,148.0,0.0,-148.0,False,,12
25/09/2008,37,14,1.0,148.0,0.0,-148.0,False,,12
29/09/2008,37,14,1.0,148.0,0.0,-148.0,False,,13
02/10/2008,37,14,1.0,148.0,0.0,-148.0,False,,12
06/10/2008,37,14,1.0,148.0,0.0,-148.0,False,,12
09/10/2008,37,14,1.0,148.0,0.0,-148.0,False,,12
13/10/2008,37,14,1.0,148.0,0.0,-148.0,False,,12
16/10/2008,37,14,1.0,148.0,0.0,-148.0,False,,12
20/10/2008,37,14,1.0,148.0,0.0,-148.0,False,,12
23/10/2008,37,14,1.0,148.0,0.0,-148.0,False,,12
27/10/2008,37,14,1.0,148.0,0.0,-148.0,False,,12
30/10/2008,37,14,1.0,148.0,0.0,-148.0,False,,12
03/11/2008,37,14,1.0,148.0,0.0,-148.0,False,,12
06/11/2008,37,14,1.0,148.0,0.0,-148.0,False,,12
10/11/2008,37,14,1.0,148.0,0.0,-148.0,False,,12
13/11/2008,37,14,1.0,148.0,0.0,-148.0,False,,12
17/11/2008,37,14,1.0,148.0,0.0,-148.0,False,,12
20/11/2008,37,14,1.0,148.0,0.0,-148.0,False,,12
24/11/2008,37,14,1.0,148.0,0.0,-148.0,False,,12
27/11/2008,37,14,1.0,148.0,0.0,-148.0,False,,13
01/12/2008,37,14,1.0,148.0,0.0,-148.0,False,,13
04/12/2008,37,14,1.0,148.0,0.0,-148.0,False,,12
08/12/2008,37,14,1.0,148.0,0.0,-148.0,False,,12
11/12/2008,37,14,1.0,148.0,0.0,-148.0,False,,12
15/12/2008,37,14,1.0,148.0,0.0,-148.0,False,,12
18/12/2008,37,14,1.0,148.0,0.0,-148.0,False,,11
22/12/2008,37,14,1.0,148.0,0.0,-148.0,False,,13
26/12/2008,37,14,1.0,148.0,0.0,-148.0,False,,11
29/12/2008,37,14,1.0,148.0,0.0,-148.0,False,,12
02/01/2009,37,14,1.0,148.0,0.0,-148.0,False,,12
05/01/2009,37,14,1.0,148.0,0.0,-148.0,False,,12
08/01/2009,37,14,1.0,148.0,0.0,-148.0,False,,12
12/01/2009,37,14,1.0,148.0,0.0,-148.0,False,,12
15/01/2009,37,14,1.0,148.0,0.0,-148.0,False,,12
19/01/2009,37,14,1.0,148.0,0.0,-148.0,False,,12
22/01/2009,37,14,1.0,148.0,0.0,-148.0,False,,12
26/01/2009,37,14,1.0,148.0,0.0,-148.0,False,,12
29/01/2009,37,14,1.0,148.0,0.0,-148.0,False,,12
02/02/2009,37,14,1.0,148.0,0.0,-148.0,False,,12
05/02/2009,37,14,1.0,148.0,0.0,-148.0,False,,12
09/02/2009,37,14,1.0,148.0,0.0,-148.0,False,,12
12/02/2009,37,14,1.0,148.0,0.0,-148.0,False,,12
16/02/2009,37,14,1.0,148.0,0.0,-148.0,False,,12
19/02/2009,37,14,1.0,148.0,0.0,-148.0,False,,12
26/02/2009,37,14,1.0,148.0,0.0,-148.0,False,,12
02/03/2009,37,14,1.0,148.0,0.0,-148.0,False,,11
05/03/2009,37,14,1.0,148.0,0.0,-148.0,False,,12
09/03/2009,37,14,1.0,148.0,0.0,-148.0,False,,12
12/03/2009,37,14,1.0,148.0,0.0,-148.0,False,,12
16/03/2009,37,14,1.0,148.0,0.0,-148.0,False,,12
19/03/2009,37,14,1.0,148.0,0.0,-148.0,False,,12
23/03/2009,37,14,1.0,148.0,0.0,-148.0,False,,12
26/03/2009,37,14,1.0,148.0,0.0,-148.0,False,,11
30/03/2009,37,14,1.0,148.0,0.0,-148.0,False,,12
02/04/2009,37,14,1.0,148.0,0.0,-148.0,False,,12
06/04/2009,37,14,1.0,148.0,0.0,-148.0,False,,12
09/04/2009,37,14,1.0,148.0,0.0,-148.0,False,,12
15/04/2009,37,14,1.0,148.0,0.0,-148.0,False,,12
16/04/2009,37,14,1.0,148.0,0.0,-148.0,False,,12
20/04/2009,37,14,1.0,148.0,0.0,-148.0,False,,12
23/04/2009,37,14,1.0,148.0,0.0,-148.0,False,,12
27/04/2009,37,14,1.0,148.0,0.0,-148.0,False,,12
30/04/2009,37,14,1.0,148.0,0.0,-148.0,False,,12
04/05/2009,37,14,1.0,148.0,0.0,-148.0,False,,13
07/05/2009,37,14,1.0,149.0,0.0,-149.0,False,,12
11/05/2009,37,14,1.0,150.0,0.0,-150.0,False,,12
14/05/2009,37,14,1.0,151.0,1261.5,1110.5,True,36,14
18/05/2009,37,14,1.0,152.0,0.0,-152.0,False,,12
21/05/2009,37,14,1.0,153.0,0.0,-153.0,False,,12
25/05/2009,37,14,1.0,154.0,0.0,-154.0,False,,12
28/05/2009,37,14,1.0,155.0,0.0,-155.0,False,,12
01/06/2009,37,14,1.0,156.0,0.0,-156.0,False,,13
04/06/2009,37,14,1.0,157.0,0.0,-157.0,False,,12
08/06/2009,37,14,1.0,158.0,0.0,-158.0,False,,11
12/06/2009,37,14,1.0,159.0,0.0,-159.0,False,,11
15/06/2009,37,14,1.0,160.0,0.0,-160.0,False,,12
18/06/2009,37,14,1.0,161.0,0.0,-161.0,False,,11
22/06/2009,37,14,1.0,162.0,0.0,-162.0,False,,12
25/06/2009,37,14,1.0,163.0,0.0,-163.0,False,,12
29/06/2009,37,14,1.0,164.0,0.0,-164.0,False,,12
02/07/2009,37,14,1.0,165.0,0.0,-165.0,False,,12
06/07/2009,37,14,1.0,166.0,0.0,-166.0,False,,12
09/07/2009,37,14,1.0,167.0,0.0,-167.0,False,,12
13/07/2009,37,14,1.0,168.0,0.0,-168.0,False,,12
16/07/2009,37,14,1.0,169.0,0.0,-169.0,False,,12
20/07/2009,37,14,1.0,170.0,0.0,-170.0,False,,12
23/07/2009,37,14,1.0,171.0,0.0,-171.0,False,,13
27/07/2009,37,14,1.0,172.0,0.0,-172.0,False,,12
30/07/2009,37,14,1.0,173.0,0.0,-173.0,False,,13
03/08/2009,37,14,1.0,174.0,0.0,-174.0,False,,13
06/08/2009,37,14,1.0,175.0,1592.83,1417.83,True,23,14
10/08/2009,37,14,1.0,176.0,0.0,-176.0,False,,13
13/08/2009,37,14,1.0,177.0,0.0,-177.0,False,,13
17/08/2009,37,14,1.0,178.0,0.0,-178.0,False,,12
20/08/2009,37,14,1.0,179.0,0.0,-179.0,False,,13
24/08/2009,37,14,1.0,180.0,0.0,-180.0,False,,12
27/08/2009,37,14,1.0,181.0,0.0,-181.0,False,,12
31/08/2009,37,14,1.0,182.0,0.0,-182.0,False,,12
03/09/2009,37,14,1.0,183.0,0.0,-183.0,False,,13
08/09/2009,37,14,1.0,184.0,0.0,-184.0,False,,13
10/09/2009,37,14,1.25,185.0,0.0,-185.0,False,,12
14/09/2009,37,14,1.25,185.0,0.0,-185.0,False,,12
17/09/2009,37,14,1.25,185.0,0.0,-185.0,False,,12
21/09/2009,37,14,1.25,185.0,0.0,-185.0,False,,13
24/09/2009,37,14,1.25,185.0,0.0,-185.0,False,,12
28/09/2009,37,14,1.25,185.0,0.0,-185.0,False,,12
01/10/2009,37,14,1.25,185.0,0.0,-185.0,False,,12
05/10/2009,37,14,1.25,185.0,0.0,-185.0,False,,12
08/10/2009,37,14,1.25,185.0,1347.62,1162.62,True,30,14
13/10/2009,37,14,1.25,185.0,0.0,-185.0,False,,12
15/10/2009,37,14,1.25,185.0,0.0,-185.0,False,,13
19/10/2009,37,14,1.25,185.0,0.0,-185.0,False,,13
22/10/2009,37,14,1.25,185.0,0.0,-185.0,False,,13
27/10/2009,37,14,1.25,185.0,0.0,-185.0,False,,12
29/10/2009,37,14,1.25,185.0,0.0,-185.0,False,,12
03/11/2009,37,14,1.25,185.0,0.0,-185.0,False,,12
05/11/2009,37,14,1.25,185.0,0.0,-185.0,False,,12
09/11/2009,37,14,1.25,185.0,1690.22,1505.22,True,18,14
12/11/2009,37,14,1.25,185.0,0.0,-185.0,False,,13
16/11/2009,37,14,1.25,185.0,0.0,-185.0,False,,12
19/11/2009,37,14,1.25,185.0,0.0,-185.0,False,,12
23/11/2009,37,14,1.25,185.0,0.0,-185.0,False,,12
26/11/2009,37,14,1.25,185.0,0.0,-185.0,False,,13
30/11/2009,37,14,1.25,185.0,0.0,-185.0,False,,12
03/12/2009,37,14,1.25,185.0,0.0,-185.0,False,,12
07/12/2009,37,14,1.25,185.0,1690.22,1505.22,True,10,14
10/12/2009,37,14,1.25,185.0,0.0,-185.0,False,,13
14/12/2009,37,14,1.25,185.0,0.0,-185.0,False,,12
17/12/2009,37,14,1.25,185.0,0.0,-185.0,False,,12
21/12/2009,37,14,1.25,185.0,0.0,-185.0,False,,12
24/12/2009,37,14,1.25,185.0,0.0,-185.0,False,,13
28/12/2009,37,14,1.25,185.0,0.0,-185.0,False,,13
31/12/2009,37,14,1.25,185.0,0.0,-185.0,False,,13
04/01/2010,37,14,1.25,185.0,0.0,-185.0,False,,12
07/01/2010,37,14,1.25,185.0,0.0,-185.0,False,,12
11/01/2010,37,14,1.25,185.0,0.0,-185.0,False,,12
14/01/2010,37,14,1.25,185.0,0.0,-185.0,False,,12
18/01/2010,37,14,1.25,185.0,0.0,-185.0,False,,12
21/01/2010,37,14,1.25,185.0,0.0,-185.0,False,,12
25/01/2010,37,14,1.25,185.0,0.0,-185.0,False,,12
28/01/2010,37,14,1.25,185.0,0.0,-185.0,False,,12
01/02/2010,37,14,1.25,185.0,0.0,-185.0,False,,12
04/02/2010,37,14,1.25,185.0,0.0,-185.0,False,,12
08/02/2010,37,14,1.25,185.0,0.0,-185.0,False,,13
11/02/2010,37,14,1.25,185.0,0.0,-185.0,False,,12
13/02/2010,37,14,1.25,185.0,0.0,-185.0,False,,12
18/02/2010,37,14,1.25,185.0,0.0,-185.0,False,,12
22/02/2010,37,14,1.25,185.0,0.0,-185.0,False,,12
25/02/2010,37,14,1.25,185.0,0.0,-185.0,False,,12
01/03/2010,37,14,1.25,185.0,0.0,-185.0,False,,12
04/03/2010,37,14,1.25,185.0,0.0,-185.0,False,,12
08/03/2010,37,14,1.25,185.0,0.0,-185.0,False,,12
12/03/2010,37,14,1.25,185.0,0.0,-185.0,False,,12
15/03/2010,37,14,1.25,185.0,0.0,-185.0,False,,12
18/03/2010,37,14,1.25,185.0,0.0,-185.0,False,,13
22/03/2010,37,14,1.25,185.0,0.0,-185.0,False,,12
25/03/2010,37,14,1.25,185.0,0.0,-185.0,False,,12
29/03/2010,37,14,1.25,185.0,0.0,-185.0,False,,11
01/04/2010,37,14,1.25,185.0,0.0,-185.0,False,,12
05/04/2010,37,14,1.25,185.0,0.0,-185.0,False,,11
08/04/2010,37,14,1.25,185.0,0.0,-185.0,False,,12
12/04/2010,37,14,1.25,185.0,0.0,-185.0,False,,12
15/04/2010,37,14,1.25,185.0,0.0,-185.0,False,,12
19/04/2010,37,14,1.25,185.0,0.0,-185.0,False,,12
22/04/2010,37,14,1.25,185.0,0.0,-185.0,False,,12
26/04/2010,37,14,1.25,185.0,0.0,-185.0,False,,12
29/04/2010,37,14,1.25,185.0,0.0,-185.0,False,,12
03/05/2010,37,14,1.25,185.0,0.0,-185.0,False,,12
06/05/2010,37,14,1.25,185.0,0.0,-185.0,False,,12
10/05/2010,37,14,1.25,185.0,0.0,-185.0,False,,13
13/05/2010,37,14,1.25,185.0,0.0,-185.0,False,,13
17/05/2010,37,14,1.25,185.0,0.0,-185.0,False,,12
20/05/2010,37,14,1.25,185.0,0.0,-185.0,False,,12
24/05/2010,37,14,1.25,185.0,0.0,-185.0,False,,12
27/05/2010,37,14,1.25,185.0,0.0,-185.0,False,,12
31/05/2010,37,14,1.25,185.0,0.0,-185.0,False,,12
04/06/2010,37,14,1.25,185.0,0.0,-185.0,False,,12
07/06/2010,37,14,1.25,185.0,0.0,-185.0,False,,12
10/06/2010,37,14,1.25,185.0,0.0,-185.0,False,,12
14/06/2010,37,14,1.25,185.0,0.0,-185.0,False,,12
17/06/2010,37,14,1.25,185.0,0.0,-185.0,False,,12
21/06/2010,37,14,1.25,185.0,0.0,-185.0,False,,12
24/06/2010,37,14,1.25,185.0,0.0,-185.0,False,,12
28/06/2010,37,14,1.25,185.0,0.0,-185.0,False,,12
01/07/2010,37,14,1.25,185.0,0.0,-185.0,False,,12
05/07/2010,37,14,1.25,185.0,0.0,-185.0,False,,12
08/07/2010,37,14,1.25,185.0,0.0,-185.0,False,,11
12/07/2010,37,14,1.25,185.0,0.0,-185.0,False,,12
15/07/2010,37,14,1.25,185.0,0.0,-185.0,False,,12
19/07/2010,37,14,1.25,185.0,0.0,-185.0,False,,12
22/07/2010,37,14,1.25,185.0,0.0,-185.0,False,,12
26/07/2010,37,14,1.25,185.0,0.0,-185.0,False,,12
29/07/2010,37,14,1.25,185.0,0.0,-185.0,False,,13
02/08/2010,37,14,1.25,185.0,0.0,-185.0,False,,12
05/08/2010,37,14,1.25,185.0,0.0,-185.0,False,,12
09/08/2010,37,14,1.25,185.0,0.0,-185.0,False,,13
12/08/2010,37,14,1.25,185.0,860.44,675.44,True,15,14
16/08/2010,37,14,1.25,185.0,0.0,-185.0,False,,12
19/08/2010,37,14,1.25,185.0,0.0,-185.0,False,,12
23/08/2010,37,14,1.25,185.0,0.0,-185.0,False,,12
26/08/2010,37,14,1.25,185.0,0.0,-185.0,False,,12
30/08/2010,37,14,1.25,185.0,0.0,-185.0,False,,13
02/09/2010,37,14,1.25,185.0,0.0,-185.0,False,,13
06/09/2010,37,14,1.25,185.0,0.0,-185.0,False,,13
09/09/2010,37,14,1.25,185.0,0.0,-185.0,False,,12
13/09/2010,37,14,1.25,185.0,0.0,-185.0,False,,13
16/09/2010,37,14,1.25,185.0,0.0,-185.0,False,,13
20/09/2010,37,14,1.25,185.0,0.0,-185.0,False,,12
23/09/2010,37,14,1.25,185.0,0.0,-185.0,False,,12
27/09/2010,37,14,1.25,185.0,0.0,-185.0,False,,12
30/09/2010,37,14,1.25,185.0,0.0,-185.0,False,,13
04/10/2010,37,14,1.25,185.0,0.0,-185.0,False,,12
07/10/2010,37,14,1.25,185.0,0.0,-185.0,False,,12
11/10/2010,37,14,1.25,185.0,0.0,-185.0,False,,12
14/10/2010,37,14,1.25,185.0,0.0,-185.0,False,,12
18/10/2010,37,14,1.25,185.0,0.0,-185.0,False,,12
21/10/2010,37,14,1.25,185.0,0.0,-185.0,False,,12
25/10/2010,37,14,1.25,185.0,0.0,-185.0,False,,12
28/10/2010,37,14,1.25,185.0,0.0,-185.0,False,,12
01/11/2010,37,14,1.25,185.0,0.0,-185.0,False,,12
04/11/2010,37,14,1.25,185.0,0.0,-185.0,False,,12
08/11/2010,37,14,1.25,185.0,0.0,-185.0,False,,12
11/11/2010,37,14,1.25,185.0,0.0,-185.0,False,,12
16/11/2010,37,14,1.25,185.0,0.0,-185.0,False,,12
18/11/2010,37,14,1.25,185.0,0.0,-185.0,False,,13
22/11/2010,37,14,1.25,185.0,0.0,-185.0,False,,12
25/11/2010,37,14,1.25,185.0,0.0,-185.0,False,,12
29/11/2010,37,14,1.25,185.0,0.0,-185.0,False,,12
02/12/2010,37,14,1.25,185.0,0.0,-185.0,False,,12
06/12/2010,37,14,1.25,185.0,0.0,-185.0,False,,12
09/12/2010,37,14,1.25,185.0,0.0,-185.0,False,,12
13/12/2010,37,14,1.25,185.0,0.0,-185.0,False,,13
16/12/2010,37,14,1.25,185.0,0.0,-185.0,False,,12
20/12/2010,37,14,1.25,185.0,0.0,-185.0,False,,13
23/12/2010,37,14,1.25,185.0,0.0,-185.0,False,,11
27/12/2010,37,14,1.25,185.0,0.0,-185.0,False,,13
30/12/2010,37,14,1.25,185.0,0.0,-185.0,False,,12
03/01/2011,37,14,1.25,185.0,0.0,-185.0,False,,12
06/01/2011,37,14,1.25,185.0,0.0,-185.0,False,,12
10/01/2011,37,14,1.25,185.0,0.0,-185.0,False,,11
13/01/2011,37,14,1.25,185.0,0.0,-185.0,False,,13
17/01/2011,37,14,1.25,185.0,0.0,-185.0,False,,12
20/01/2011,37,14,1.25,185.0,0.0,-185.0,False,,12
24/01/2011,37,14,1.25,185.0,0.0,-185.0,False,,12
27/01/2011,37,14,1.25,185.0,0.0,-185.0,False,,12
31/01/2011,37,14,1.25,185.0,0.0,-185.0,False,,13
03/02/2011,37,14,1.25,185.0,0.0,-185.0,False,,13
07/02/2011,37,14,1.25,185.0,0.0,-185.0,False,,12
10/02/2011,37,14,1.25,185.0,0.0,-185.0,False,,13
14/02/2011,37,14,1.25,185.0,0.0,-185.0,False,,12
17/02/2011,37,14,1.25,185.0,0.0,-185.0,False,,12
21/02/2011,37,14,1.25,185.0,0.0,-185.0,False,,12
24/02/2011,37,14,1.25,185.0,0.0,-185.0,False,,12
28/02/2011,37,14,1.25,185.0,0.0,-185.0,False,,13
03/03/2011,37,14,1.25,185.0,0.0,-185.0,False,,12
05/03/2011,37,14,1.25,185.0,0.0,-185.0,False,,12
10/03/2011,37,14,1.25,185.0,0.0,-185.0,False,,11
14/03/2011,37,14,1.25,185.0,0.0,-185.0,False,,12
17/03/2011,37,14,1.25,185.0,0.0,-185.0,False,,12
21/03/2011,37,14,1.25,185.0,0.0,-185.0,False,,11
24/03/2011,37,14,1.25,185.0,0.0,-185.0,False,,12
28/03/2011,37,14,1.25,185.0,0.0,-185.0,False,,13
31/03/2011,37,14,1.25,185.0,0.0,-185.0,False,,12
04/04/2011,37,14,1.25,185.0,0.0,-185.0,False,,12
07/04/2011,37,14,1.25,185.0,0.0,-185.0,False,,12
11/04/2011,37,14,1.25,185.0,0.0,-185.0,False,,12
14/04/2011,37,14,1.25,185.0,0.0,-185.0,False,,12
18/04/2011,37,14,1.25,185.0,0.0,-185.0,False,,12
20/04/2011,37,14,1.25,185.0,0.0,-185.0,False,,13
25/04/2011,37,14,1.25,185.0,0.0,-185.0,False,,13
28/04/2011,37,14,1.25,185.0,0.0,-185.0,False,,12
02/05/2011,37,14,1.25,185.0,0.0,-185.0,False,,12
05/05/2011,37,14,1.25,185.0,0.0,-185.0,False,,12
09/05/2011,37,14,1.25,185.0,0.0,-185.0,False,,12
12/05/2011,37,14,1.25,185.0,0.0,-185.0,False,,12
16/05/2011,37,14,1.25,185.0,0.0,-185.0,False,,12
19/05/2011,37,14,1.25,185.0,0.0,-185.0,False,,11
23/05/2011,37,14,1.25,185.0,0.0,-185.0,False,,11
26/05/2011,37,14,1.25,185.0,0.0,-185.0,False,,12
30/05/2011,37,14,1.25,185.0,0.0,-185.0,False,,13
02/06/2011,37,14,1.25,185.0,0.0,-185.0,False,,12
06/06/2011,37,14,1.25,185.0,0.0,-185.0,False,,12
09/06/2011,37,14,1.25,185.0,0.0,-185.0,False,,12
13/06/2011,37,14,1.25,185.0,0.0,-185.0,False,,12
16/06/2011,37,14,1.25,185.0,0.0,-185.0,False,,12
20/06/2011,37,14,1.25,185.0,0.0,-185.0,False,,12
24/06/2011,37,14,1.25,185.0,0.0,-185.0,False,,12
27/06/2011,37,14,1.25,185.0,0.0,-185.0,False,,12
30/06/2011,37,14,1.25,185.0,0.0,-185.0,False,,12
04/07/2011,37,14,1.25,185.0,0.0,-185.0,False,,12
07/07/2011,37,14,1.25,185.0,0.0,-185.0,False,,13
11/07/2011,37,14,1.25,185.0,0.0,-185.0,False,,12
14/07/2011,37,14,1.25,185.0,0.0,-185.0,False,,13
18/07/2011,37,14,1.25,185.0,0.0,-185.0,False,,13
21/07/2011,37,14,1.25,185.0,0.0,-185.0,False,,12
25/07/2011,37,14,1.25,185.0,0.0,-185.0,False,,12
28/07/2011,37,14,1.25,185.0,0.0,-185.0,False,,12
01/08/2011,37,14,1.25,185.0,0.0,-185.0,False,,13
04/08/2011,37,14,1.25,185.0,0.0,-185.0,False,,12
08/08/2011,37,14,1.25,185.0,0.0,-185.0,False,,12
11/08/2011,37,14,1.25,185.0,0.0,-185.0,False,,13
15/08/2011,37,14,1.25,185.0,0.0,-185.0,False,,13
18/08/2011,37,14,1.25,185.0,0.0,-185.0,False,,13
22/08/2011,37,14,1.25,185.0,0.0,-185.0,False,,13
25/08/2011,37,14,1.25,185.0,0.0,-185.0,False,,12
29/08/2011,37,14,1.25,185.0,0.0,-185.0,False,,12
01/09/2011,37,14,1.25,185.0,0.0,-185.0,False,,12
05/09/2011,37,14,1.25,185.0,0.0,-185.0,False,,12
08/09/2011,37,14,1.25,185.0,0.0,-185.0,False,,13
13/09/2011,37,14,1.25,185.0,0.0,-185.0,False,,12
15/09/2011,37,14,1.25,185.0,0.0,-185.0,False,,12
19/09/2011,37,14,1.25,185.0,0.0,-185.0,False,,12
22/09/2011,37,14,1.25,185.0,0.0,-185.0,False,,12
26/09/2011,37,14,1.25,185.0,0.0,-185.0,False,,12
29/09/2011,37,14,1.25,185.0,0.0,-185.0,False,,13
03/10/2011,37,14,1.25,185.0,0.0,-185.0,False,,12
06/10/2011,37,14,1.25,185.0,0.0,-185.0,False,,13
10/10/2011,37,14,1.25,185.0,0.0,-185.0,False,,13
13/10/2011,37,14,1.25,185.0,0.0,-185.0,False,,12
17/10/2011,37,14,1.25,185.0,0.0,-185.0,False,,12
20/10/2011,37,14,1.25,185.0,0.0,-185.0,False,,13
24/10/2011,37,14,1.25,185.0,0.0,-185.0,False,,12
27/10/2011,37,14,1.25,185.0,0.0,-185.0,False,,12
31/10/2011,37,14,1.25,185.0,0.0,-185.0,False,,12
03/11/2011,37,14,1.25,185.0,0.0,-185.0,False,,12
07/11/2011,37,14,1.25,185.0,0.0,-185.0,False,,12
10/11/2011,37,14,1.25,185.0,0.0,-185.0,False,,12
14/11/2011,37,14,1.25,185.0,0.0,-185.0,False,,12
17/11/2011,37,14,1.25,185.0,0.0,-185.0,False,,12
21/11/2011,37,14,1.25,185.0,0.0,-185.0,False,,12
24/11/2011,37,14,1.25,185.0,0.0,-185.0,False,,13
28/11/2011,37,14,1.25,185.0,0.0,-185.0,False,,12
01/12/2011,37,14,1.25,185.0,0.0,-185.0,False,,12
05/12/2011,37,14,1.25,185.0,0.0,-185.0,False,,12
08/12/2011,37,14,1.25,185.0,0.0,-185.0,False,,12
12/12/2011,37,14,1.25,185.0,0.0,-185.0,False,,11
15/12/2011,37,14,1.25,185.0,0.0,-185.0,False,,12
19/12/2011,37,14,1.25,185.0,0.0,-185.0,False,,12
22/12/2011,37,14,1.25,185.0,0.0,-185.0,False,,12
26/12/2011,37,14,1.25,185.0,0.0,-185.0,False,,12
29/12/2011,37,14,1.25,185.0,0.0,-185.0,False,,12
02/01/2012,37,14,1.25,185.0,0.0,-185.0,False,,12
05/01/2012,37,14,1.25,185.0,0.0,-185.0,False,,12
09/01/2012,37,14,1.25,185.0,0.0,-185.0,False,,12
12/01/2012,37,14,1.25,185.0,0.0,-185.0,False,,12
16/01/2012,37,14,1.25,185.0,0.0,-185.0,False,,12
19/01/2012,37,14,1.25,185.0,0.0,-185.0,False,,12
23/01/2012,37,14,1.25,185.0,0.0,-185.0,False,,12
26/01/2012,37,14,1.25,185.0,0.0,-185.0,False,,12
30/01/2012,37,14,1.25,185.0,0.0,-185.0,False,,12
02/02/2012,37,14,1.25,185.0,0.0,-185.0,False,,13
06/02/2012,37,14,1.25,185.0,0.0,-185.0,False,,13
08/02/2012,37,14,1.25,185.0,0.0,-185.0,False,,12
10/02/2012,37,14,1.25,185.0,0.0,-185.0,False,,13
13/02/2012,37,14,1.25,185.0,0.0,-185.0,False,,12
15/02/2012,37,14,1.25,185.0,0.0,-185.0,False,,12
17/02/2012,37,14,1.25,185.0,0.0,-185.0,False,,13
22/02/2012,37,14,1.25,185.0,0.0,-185.0,False,,11
24/02/2012,37,14,1.25,185.0,0.0,-185.0,False,,12
27/02/2012,37,14,1.25,185.0,0.0,-185.0,False,,12
01/03/2012,37,14,1.25,185.0,0.0,-185.0,False,,13
02/03/2012,37,14,1.25,185.0,0.0,-185.0,False,,13
05/03/2012,37,14,1.25,185.0,0.0,-185.0,False,,11
07/03/2012,37,14,1.25,185.0,0.0,-185.0,False,,12
09/03/2012,37,14,1.25,185.0,0.0,-185.0,False,,12
12/03/2012,37,14,1.25,185.0,0.0,-185.0,False,,12
14/03/2012,37,14,1.25,185.0,0.0,-185.0,False,,13
16/03/2012,37,14,1.25,185.0,0.0,-185.0,False,,13
19/03/2012,37,14,1.25,185.0,0.0,-185.0,False,,13
21/03/2012,37,14,1.25,185.0,0.0,-185.0,False,,13
23/03/2012,37,14,1.25,185.0,0.0,-185.0,False,,13
26/03/2012,37,14,1.25,185.0,0.0,-185.0,False,,13
28/03/2012,37,14,1.25,185.0,0.0,-185.0,False,,12
30/03/2012,37,14,1.25,185.0,0.0,-185.0,False,,13
02/04/2012,37,14,1.25,185.0,0.0,-185.0,False,,13
04/04/2012,37,14,1.25,185.0,0.0,-185.0,False,,13
07/04/2012,37,14,1.25,185.0,0.0,-185.0,False,,12
09/04/2012,37,14,1.25,185.0,0.0,-185.0,False,,12
11/04/2012,37,14,1.25,185.0,0.0,-185.0,False,,12
13/04/2012,37,14,1.25,185.0,0.0,-185.0,False,,12
16/04/2012,37,14,1.25,185.0,0.0,-185.0,False,,12
18/04/2012,37,14,1.25,185.0,0.0,-185.0,False,,12
20/04/2012,37,14,1.25,185.0,0.0,-185.0,False,,12
23/04/2012,37,14,1.25,185.0,0.0,-185.0,False,,12
25/04/2012,37,14,1.25,185.0,0.0,-185.0,False,,12
27/04/2012,37,14,1.25,185.0,0.0,-185.0,False,,12
30/04/2012,37,14,1.25,185.0,0.0,-185.0,False,,12
02/05/2012,37,14,1.25,185.0,0.0,-185.0,False,,12
04/05/2012,37,14,1.25,185.0,0.0,-185.0,False,,12
07/05/2012,37,14,1.25,185.0,0.0,-185.0,False,,12
09/05/2012,37,14,1.25,185.0,0.0,-185.0,False,,12
11/05/2012,37,14,1.25,185.0,0.0,-185.0,False,,13
14/05/2012,37,14,1.25,185.0,0.0,-185.0,False,,12
16/05/2012,37,14,1.25,185.0,0.0,-185.0,False,,12
18/05/2012,37,14,1.25,185.0,0.0,-185.0,False,,12
21/05/2012,37,14,1.25,185.0,0.0,-185.0,False,,12
23/05/2012,37,14,1.25,185.0,0.0,-185.0,False,,12
25/05/2012,37,14,1.25,185.0,0.0,-185.0,False,,12
28/05/2012,37,14,1.25,185.0,0.0,-185.0,False,,12
30/05/2012,37,14,1.25,185.0,0.0,-185.0,False,,12
01/06/2012,37,14,1.25,185.0,0.0,-185.0,False,,13
04/06/2012,37,14,1.25,185.0,0.0,-185.0,False,,12
06/06/2012,37,14,1.25,185.0,0.0,-185.0,False,,12
08/06/2012,37,14,1.25,185.0,0.0,-185.0,False,,12
11/06/2012,37,14,1.25,185.0,0.0,-185.0,False,,12
13/06/2012,37,14,1.25,185.0,0.0,-185.0,False,,12
15/06/2012,37,14,1.25,185.0,0.0,-185.0,False,,13
18/06/2012,37,14,1.25,185.0,0.0,-185.0,False,,13
20/06/2012,37,14,1.25,185.0,0.0,-185.0,False,,13
22/06/2012,37,14,1.25,185.0,0.0,-185.0,False,,13
25/06/2012,37,14,1.25,185.0,0.0,-185.0,False,,12
27/06/2012,37,14,1.25,185.0,0.0,-185.0,False,,12
29/06/2012,37,14,1.25,185.0,0.0,-185.0,False,,12
02/07/2012,37,14,1.25,185.0,0.0,-185.0,False,,12
04/07/2012,37,14,1.25,185.0,0.0,-185.0,False,,12
06/07/2012,37,14,1.25,185.0,0.0,-185.0,False,,12
09/07/2012,37,14,1.25,185.0,0.0,-185.0,False,,13
11/07/2012,37,14,1.25,185.0,0.0,-185.0,False,,12
13/07/2012,37,14,1.25,185.0,0.0,-185.0,False,,13
16/07/2012,37,14,1.25,185.0,0.0,-185.0,False,,12
18/07/2012,37,14,1.25,185.0,0.0,-185.0,False,,12
20/07/2012,37,14,1.25,185.0,0.0,-185.0,False,,12
23/07/2012,37,14,1.25,185.0,0.0,-185.0,False,,12
25/07/2012,37,14,1.25,185.0,0.0,-185.0,False,,12
27/07/2012,37,14,1.25,185.0,0.0,-185.0,False,,12
30/07/2012,37,14,1.25,185.0,0.0,-185.0,False,,12
01/08/2012,37,14,1.25,185.0,0.0,-185.0,False,,11
03/08/2012,37,14,1.25,185.0,0.0,-185.0,False,,11
06/08/2012,37,14,1.25,185.0,0.0,-185.0,False,,12
08/08/2012,37,14,1.25,185.0,0.0,-185.0,False,,12
10/08/2012,37,14,1.25,185.0,0.0,-185.0,False,,12
13/08/2012,37,14,1.25,185.0,0.0,-185.0,False,,13
15/08/2012,37,14,1.25,185.0,0.0,-185.0,False,,12
17/08/2012,37,14,1.25,185.0,0.0,-185.0,False,,12
20/08/2012,37,14,1.25,185.0,0.0,-185.0,False,,12
22/08/2012,37,14,1.25,185.0,0.0,-185.0,False,,13
24/08/2012,37,14,1.25,185.0,0.0,-185.0,False,,12
27/08/2012,37,14,1.25,185.0,0.0,-185.0,False,,13
29/08/2012,37,14,1.25,185.0,0.0,-185.0,False,,12
31/08/2012,37,14,1.25,185.0,0.0,-185.0,False,,11
06/09/2012,37,14,1.25,185.0,0.0,-185.0,False,,12
10/09/2012,37,14,1.25,185.0,0.0,-185.0,False,,12
12/09/2012,37,14,1.25,185.0,0.0,-185.0,False,,12
14/09/2012,37,14,1.25,185.0,0.0,-185.0,False,,12
17/09/2012,37,14,1.25,185.0,0.0,-185.0,False,,12
19/09/2012,37,14,1.25,185.0,0.0,-185.0,False,,12
21/09/2012,37,14,1.25,185.0,0.0,-185.0,False,,12
24/09/2012,37,14,1.25,185.0,0.0,-185.0,False,,12
26/09/2012,37,14,1.25,185.0,0.0,-185.0,False,,12
28/09/2012,37,14,1.25,185.0,0.0,-185.0,False,,11
01/10/2012,37,14,1.25,185.0,0.0,-185.0,False,,12
03/10/2012,37,14,1.25,185.0,0.0,-185.0,False,,12
05/10/2012,37,14,1.25,185.0,0.0,-185.0,False,,11
08/10/2012,37,14,1.25,185.0,0.0,-185.0,False,,12
10/10/2012,37,14,1.25,185.0,0.0,-185.0,False,,12
13/10/2012,37,14,1.25,185.0,0.0,-185.0,False,,11
15/10/2012,37,14,1.25,185.0,0.0,-185.0,False,,12
17/10/2012,37,14,1.25,185.0,0.0,-185.0,False,,12
19/10/2012,37,14,1.25,185.0,1235.1,1050.1,True,37,14
22/10/2012,37,14,1.25,185.0,1235.1,1050.1,True,36,14
24/10/2012,37,14,1.25,185.0,0.0,-185.0,False,,13
26/10/2012,37,14,1.25,185.0,0.0,-185.0,False,,13
29/10/2012,37,14,1.25,185.0,0.0,-185.0,False,,13
31/10/2012,37,14,1.25,185.0,0.0,-185.0,False,,13
03/11/2012,37,14,1.25,185.0,0.0,-185.0,False,,12
05/11/2012,37,14,1.25,185.0,0.0,-185.0,False,,13
07/11/2012,37,14,1.25,185.0,0.0,-185.0,False,,12
09/11/2012,37,14,1.25,185.0,0.0,-185.0,False,,12
12/11/2012,37,14,1.25,185.0,0.0,-185.0,False,,13
14/11/2012,37,14,1.25,185.0,0.0,-185.0,False,,12
16/11/2012,37,14,1.25,185.0,0.0,-185.0,False,,12
19/11/2012,37,14,1.25,185.0,0.0,-185.0,False,,11
21/11/2012,37,14,1.25,185.0,0.0,-185.0,False,,12
23/11/2012,37,14,1.25,185.0,0.0,-185.0,False,,12
26/11/2012,37,14,1.25,185.0,0.0,-185.0,False,,12
28/11/2012,37,14,1.25,185.0,0.0,-185.0,False,,12
30/11/2012,37,14,1.25,185.0,0.0,-185.0,False,,12
03/12/2012,37,14,1.25,185.0,0.0,-185.0,False,,12
05/12/2012,37,14,1.25,185.0,0.0,-185.0,False,,12
07/12/2012,37,14,1.25,185.0,0.0,-185.0,False,,12
10/12/2012,37,14,1.25,185.0,0.0,-185.0,False,,12
12/12/2012,37,14,1.25,185.0,0.0,-185.0,False,,12
14/12/2012,37,14,1.25,185.0,0.0,-185.0,False,,12
17/12/2012,37,14,1.25,185.0,0.0,-185.0,False,,12
19/12/2012,37,14,1.25,185.0,0.0,-185.0,False,,12
21/12/2012,37,14,1.25,185.0,0.0,-185.0,False,,12
24/12/2012,37,14,1.25,185.0,0.0,-185.0,False,,12
26/12/2012,37,14,1.25,185.0,0.0,-185.0,False,,12
28/12/2012,37,14,1.25,185.0,0.0,-185.0,False,,12
31/12/2012,37,14,1.25,185.0,0.0,-185.0,False,,12
02/01/2013,37,14,1.25,185.0,0.0,-185.0,False,,12
04/01/2013,37,14,1.25,185.0,0.0,-185.0,False,,12
07/01/2013,37,14,1.25,185.0,0.0,-185.0,False,,12
09/01/2013,37,14,1.25,185.0,0.0,-185.0,False,,12
11/01/2013,37,14,1.25,185.0,0.0,-185.0,False,,12
14/01/2013,37,14,1.25,185.0,0.0,-185.0,False,,12
16/01/2013,37,14,1.25,185.0,0.0,-185.0,False,,12
18/01/2013,37,14,1.25,185.0,0.0,-185.0,False,,13
21/01/2013,37,14,1.25,185.0,0.0,-185.0,False,,13
23/01/2013,37,14,1.25,185.0,0.0,-185.0,False,,12
25/01/2013,37,14,1.25,185.0,0.0,-185.0,False,,12
28/01/2013,37,14,1.25,185.0,0.0,-185.0,False,,13
30/01/2013,37,14,1.25,185.0,0.0,-185.0,False,,12
01/02/2013,37,14,1.25,185.0,0.0,-185.0,False,,12
04/02/2013,37,14,1.25,185.0,0.0,-185.0,False,,13
06/02/2013,37,14,1.25,185.0,0.0,-185.0,False,,12
08/02/2013,37,14,1.25,185.0,0.0,-185.0,False,,12
13/02/2013,37,14,1.25,185.0,0.0,-185.0,False,,12
15/02/2013,37,14,1.25,185.0,0.0,-185.0,False,,12
18/02/2013,37,14,1.25,185.0,0.0,-185.0,False,,13
20/02/2013,37,14,1.25,185.0,0.0,-185.0,False,,13
22/02/2013,37,14,1.25,185.0,0.0,-185.0,False,,12
25/02/2013,37,14,1.25,185.0,0.0,-185.0,False,,12
27/02/2013,37,14,1.25,185.0,0.0,-185.0,False,,12
01/03/2013,37,14,1.25,185.0,0.0,-185.0,False,,12
04/03/2013,37,14,1.25,185.0,0.0,-185.0,False,,12
06/03/2013,37,14,1.25,185.0,0.0,-185.0,False,,12
08/03/2013,37,14,1.25,185.0,0.0,-185.0,False,,13
11/03/2013,37,14,1.25,185.0,0.0,-185.0,False,,12
13/03/2013,37,14,1.25,185.0,0.0,-185.0,False,,12
15/03/2013,37,14,1.25,185.0,0.0,-185.0,False,,12
18/03/2013,37,14,1.25,185.0,0.0,-185.0,False,,12
20/03/2013,37,14,1.25,185.0,0.0,-185.0,False,,12
22/03/2013,37,14,1.25,185.0,0.0,-185.0,False,,12
25/03/2013,37,14,1.25,185.0,0.0,-185.0,False,,12
27/03/2013,37,14,1.25,185.0,0.0,-185.0,False,,12
30/03/2013,37,14,1.25,185.0,0.0,-185.0,False,,12
01/04/2013,37,14,1.25,185.0,0.0,-185.0,False,,12
03/04/2013,37,14,1.25,185.0,0.0,-185.0,False,,13
05/04/2013,37,14,1.25,185.0,0.0,-185.0,False,,12
08/04/2013,37,14,1.25,185.0,0.0,-185.0,False,,12
10/04/2013,37,14,1.25,185.0,0.0,-185.0,False,,12
12/04/2013,37,14,1.25,185.0,0.0,-185.0,False,,13
15/04/2013,37,14,1.25,185.0,0.0,-185.0,False,,12
17/04/2013,37,14,1.25,185.0,0.0,-185.0,False,,12
19/04/2013,37,14,1.25,185.0,0.0,-185.0,False,,12
22/04/2013,37,14,1.25,185.0,0.0,-185.0,False,,12
24/04/2013,37,14,1.25,185.0,0.0,-185.0,False,,12
26/04/2013,37,14,1.25,185.0,0.0,-185.0,False,,13
29/04/2013,37,14,1.25,185.0,0.0,-185.0,False,,12
03/05/2013,37,14,1.25,185.0,0.0,-185.0,False,,13
06/05/2013,37,14,1.25,185.0,0.0,-185.0,False,,12
08/05/2013,37,14,1.25,185.0,0.0,-185.0,False,,12
10/05/2013,37,14,1.25,185.0,0.0,-185.0,False,,12
13/05/2013,37,14,1.25,185.0,0.0,-185.0,False,,12
15/05/2013,37,14,1.25,185.0,0.0,-185.0,False,,12
17/05/2013,37,14,1.25,185.0,0.0,-185.0,False,,13
20/05/2013,37,14,1.25,185.0,0.0,-185.0,False,,12
22/05/2013,37,14,1.25,185.0,0.0,-185.0,False,,13
24/05/2013,37,14,1.25,185.0,0.0,-185.0,False,,12
27/05/2013,37,14,1.25,185.0,0.0,-185.0,False,,12
29/05/2013,37,14,1.25,185.0,0.0,-185.0,False,,13
31/05/2013,37,14,1.25,185.0,0.0,-185.0,False,,13
03/06/2013,37,14,1.25,185.0,0.0,-185.0,False,,12
05/06/2013,37,14,1.25,185.0,0.0,-185.0,False,,12
07/06/2013,37,14,1.25,185.0,0.0,-185.0,False,,12
10/06/2013,37,14,1.25,185.0,0.0,-185.0,False,,12
12/06/2013,37,14,1.25,185.0,0.0,-185.0,False,,12
14/06/2013,37,14,1.25,185.0,0.0,-185.0,False,,13
17/06/2013,37,14,1.25,185.0,0.0,-185.0,False,,12
19/06/2013,37,14,1.25,185.0,0.0,-185.0,False,,12
21/06/2013,37,14,1.25,185.0,0.0,-185.0,False,,12
24/06/2013,37,14,1.25,185.0,0.0,-185.0,False,,12
26/06/2013,37,14,1.25,185.0,0.0,-185.0,False,,12
28/06/2013,37,14,1.25,185.0,0.0,-185.0,False,,12
01/07/2013,37,14,1.25,185.0,0.0,-185.0,False,,13
03/07/2013,37,14,1.25,185.0,0.0,-185.0,False,,12
05/07/2013,37,14,1.25,185.0,0.0,-185.0,False,,12
08/07/2013,37,14,1.25,185.0,0.0,-185.0,False,,13
10/07/2013,37,14,1.25,185.0,0.0,-185.0,False,,12
12/07/2013,37,14,1.25,185.0,0.0,-185.0,False,,11
15/07/2013,37,14,1.25,185.0,0.0,-185.0,False,,12
17/07/2013,37,14,1.25,185.0,0.0,-185.0,False,,12
19/07/2013,37,14,1.25,185.0,0.0,-185.0,False,,12
22/07/2013,37,14,1.25,185.0,0.0,-185.0,False,,12
24/07/2013,37,14,1.25,185.0,0.0,-185.0,False,,13
26/07/2013,37,14,1.25,185.0,0.0,-185.0,False,,13
29/07/2013,37,14,1.25,185.0,0.0,-185.0,False,,13
31/07/2013,37,14,1.25,185.0,0.0,-185.0,False,,12
02/08/2013,37,14,1.25,185.0,0.0,-185.0,False,,13
05/08/2013,37,14,1.25,185.0,0.0,-185.0,False,,13
07/08/2013,37,14,1.25,185.0,0.0,-185.0,False,,12
09/08/2013,37,14,1.25,185.0,0.0,-185.0,False,,13
12/08/2013,37,14,1.25,185.0,0.0,-185.0,False,,13
14/08/2013,37,14,1.25,185.0,0.0,-185.0,False,,12
16/08/2013,37,14,1.25,185.0,0.0,-185.0,False,,12
19/08/2013,37,14,1.25,185.0,0.0,-185.0,False,,13
21/08/2013,37,14,1.25,185.0,0.0,-185.0,False,,12
23/08/2013,37,14,1.25,185.0,0.0,-185.0,False,,12
26/08/2013,37,14,1.25,185.0,0.0,-185.0,False,,12
28/08/2013,37,14,1.25,185.0,0.0,-185.0,False,,12
30/08/2013,37,14,1.25,185.0,0.0,-185.0,False,,12
07/09/2013,37,14,1.25,185.0,0.0,-185.0,False,,12
09/09/2013,37,14,1.25,185.0,0.0,-185.0,False,,12
11/09/2013,37,14,1.25,185.0,0.0,-185.0,False,,12
13/09/2013,37,14,1.25,185.0,0.0,-185.0,False,,12
16/09/2013,37,14,1.25,185.0,0.0,-185.0,False,,12
18/09/2013,37,14,1.25,185.0,0.0,-185.0,False,,12
20/09/2013,37,14,1.25,185.0,0.0,-185.0,False,,12
23/09/2013,37,14,1.25,185.0,0.0,-185.0,False,,12
25/09/2013,37,14,1.25,185.0,0.0,-185.0,False,,12
27/09/2013,37,14,1.25,185.0,0.0,-185.0,False,,12
30/09/2013,37,14,1.25,185.0,0.0,-185.0,False,,12
02/10/2013,37,14,1.25,185.0,0.0,-185.0,False,,12
04/10/2013,37,14,1.25,185.0,0.0,-185.0,False,,13
07/10/2013,37,14,1.25,185.0,0.0,-185.0,False,,12
09/10/2013,37,14,1.25,185.0,0.0,-185.0,False,,12
11/10/2013,37,14,1.25,185.0,0.0,-185.0,False,,12
14/10/2013,37,14,1.25,185.0,0.0,-185.0,False,,11
16/10/2013,37,14,1.25,185.0,0.0,-185.0,False,,12
18/10/2013,37,14,1.25,185.0,0.0,-185.0,False,,12
21/10/2013,37,14,1.25,185.0,0.0,-185.0,False,,12
23/10/2013,37,14,1.25,185.0,0.0,-185.0,False,,12
25/10/2013,37,14,1.25,185.0,0.0,-185.0,False,,12
28/10/2013,37,14,1.25,185.0,0.0,-185.0,False,,12
30/10/2013,37,14,1.25,185.0,0.0,-185.0,False,,12
01/11/2013,37,14,1.25,185.0,0.0,-185.0,False,,12
04/11/2013,37,14,1.25,185.0,0.0,-185.0,False,,12
06/11/2013,37,14,1.25,185.0,0.0,-185.0,False,,12
08/11/2013,37,14,1.25,185.0,0.0,-185.0,False,,12
11/11/2013,37,14,1.25,185.0,0.0,-185.0,False,,12
13/11/2013,37,14,1.25,185.0,0.0,-185.0,False,,12
16/11/2013,37,14,1.25,185.0,0.0,-185.0,False,,12
18/11/2013,37,14,1.25,185.0,0.0,-185.0,False,,11
20/11/2013,37,14,1.25,185.0,0.0,-185.0,False,,12
22/11/2013,37,14,1.25,185.0,0.0,-185.0,False,,11
25/11/2013,37,14,1.25,185.0,0.0,-185.0,False,,11
27/11/2013,37,14,1.25,185.0,0.0,-185.0,False,,12
29/11/2013,37,14,1.25,185.0,0.0,-185.0,False,,12
02/12/2013,37,14,1.25,185.0,0.0,-185.0,False,,12
04/12/2013,37,14,1.25,185.0,0.0,-185.0,False,,12
06/12/2013,37,14,1.25,185.0,0.0,-185.0,False,,11
09/12/2013,37,14,1.25,185.0,0.0,-185.0,False,,12
11/12/2013,37,14,1.25,185.0,0.0,-185.0,False,,12
13/12/2013,37,14,1.25,185.0,0.0,-185.0,False,,12
16/12/2013,37,14,1.25,185.0,0.0,-185.0,False,,12
18/12/2013,37,14,1.25,185.0,0.0,-185.0,False,,12
20/12/2013,37,14,1.25,185.0,0.0,-185.0,False,,12
23/12/2013,37,14,1.25,185.0,0.0,-185.0,False,,12
27/12/2013,37,14,1.25,185.0,0.0,-185.0,False,,11
30/12/2013,37,14,1.25,185.0,0.0,-185.0,False,,12
03/01/2014,37,14,1.25,185.0,0.0,-185.0,False,,12
06/01/2014,37,14,1.25,185.0,0.0,-185.0,False,,12
09/01/2014,37,14,1.25,185.0,0.0,-185.0,False,,12
10/01/2014,37,14,1.25,185.0,0.0,-185.0,False,,11
13/01/2014,37,14,1.25,185.0,0.0,-185.0,False,,11
15/01/2014,37,14,1.25,185.0,0.0,-185.0,False,,12
17/01/2014,37,14,1.25,185.0,1062.12,877.12,True,37,14
20/01/2014,37,14,1.25,185.0,0.0,-185.0,False,,12
22/01/2014,37,14,1.25,185.0,0.0,-185.0,False,,12
24/01/2014,37,14,1.25,185.0,0.0,-185.0,False,,13
27/01/2014,37,14,1.25,185.0,0.0,-185.0,False,,12
29/01/2014,37,14,1.25,185.0,0.0,-185.0,False,,13
31/01/2014,37,14,1.25,185.0,0.0,-185.0,False,,13
03/02/2014,37,14,1.25,185.0,0.0,-185.0,False,,11
05/02/2014,37,14,1.25,185.0,0.0,-185.0,False,,12
07/02/2014,37,14,1.25,185.0,0.0,-185.0,False,,11
10/02/2014,37,14,1.25,185.0,0.0,-185.0,False,,12
12/02/2014,37,14,1.25,186.0,0.0,-186.0,False,,11
14/02/2014,37,14,1.25,187.0,0.0,-187.0,False,,12
17/02/2014,37,14,1.25,188.0,0.0,-188.0,False,,11
19/02/2014,37,14,1.25,189.0,0.0,-189.0,False,,12
21/02/2014,37,14,1.25,190.0,0.0,-190.0,False,,13
24/02/2014,37,14,1.25,191.0,0.0,-191.0,False,,12
26/02/2014,37,14,1.25,192.0,0.0,-192.0,False,,12
28/02/2014,37,14,1.25,193.0,0.0,-193.0,False,,12
05/03/2014,37,14,1.25,194.0,0.0,-194.0,False,,12
07/03/2014,37,14,1.25,195.0,0.0,-195.0,False,,11
10/03/2014,37,14,1.25,196.0,0.0,-196.0,False,,12
12/03/2014,37,14,1.25,197.0,0.0,-197.0,False,,12
14/03/2014,37,14,1.25,198.0,0.0,-198.0,False,,12
17/03/2014,37,14,1.25,199.0,0.0,-199.0,False,,11
19/03/2014,37,14,1.25,200.0,0.0,-200.0,False,,12
21/03/2014,37,14,1.25,201.0,0.0,-201.0,False,,12
24/03/2014,37,14,1.25,202.0,0.0,-202.0,False,,12
26/03/2014,37,14,1.25,203.0,0.0,-203.0,False,,13
28/03/2014,37,14,1.25,204.0,0.0,-204.0,False,,13
31/03/2014,37,14,1.25,205.0,0.0,-205.0,False,,12
02/04/2014,37,14,1.25,206.0,0.0,-206.0,False,,12
04/04/2014,37,14,1.25,207.0,0.0,-207.0,False,,13
07/04/2014,37,14,1.25,208.0,0.0,-208.0,False,,12
09/04/2014,37,14,1.25,209.0,0.0,-209.0,False,,12
11/04/2014,37,14,1.25,210.0,0.0,-210.0,False,,11
14/04/2014,37,14,1.25,211.0,0.0,-211.0,False,,12
16/04/2014,37,14,1.25,212.0,0.0,-212.0,False,,12
19/04/2014,37,14,1.25,213.0,0.0,-213.0,False,,12
23/04/2014,37,14,1.25,214.0,0.0,-214.0,False,,12
25/04/2014,37,14,1.25,215.0,0.0,-215.0,False,,12
28/04/2014,37,14,1.25,216.0,0.0,-216.0,False,,12
30/04/2014,37,14,1.25,217.0,0.0,-217.0,False,,12
02/05/2014,37,14,1.25,218.0,0.0,-218.0,False,,12
05/05/2014,37,14,1.25,219.0,0.0,-219.0,False,,12
07/05/2014,37,14,1.25,220.0,0.0,-220.0,False,,13
09/05/2014,37,14,1.25,221.0,0.0,-221.0,False,,12
12/05/2014,37,14,1.5,222.0,0.0,-222.0,False,,12
14/05/2014,37,14,1.5,222.0,0.0,-222.0,False,,12
16/05/2014,37,14,1.5,222.0,0.0,-222.0,False,,12
19/05/2014,37,14,1.5,222.0,0.0,-222.0,False,,13
21/05/2014,37,14,1.5,222.0,0.0,-222.0,False,,13
23/05/2014,37,14,1.5,222.0,0.0,-222.0,False,,12
26/05/2014,37,14,1.5,222.0,0.0,-222.0,False,,12
28/05/2014,37,14,1.5,222.0,0.0,-222.0,False,,12
30/05/2014,37,14,1.5,222.0,0.0,-222.0,False,,12
02/06/2014,37,14,1.5,222.0,0.0,-222.0,False,,11
04/06/2014,37,14,1.5,222.0,0.0,-222.0,False,,12
06/06/2014,37,14,1.5,222.0,0.0,-222.0,False,,12
09/06/2014,37,14,1.5,222.0,0.0,-222.0,False,,12
11/06/2014,37,14,1.5,222.0,0.0,-222.0,False,,11
13/06/2014,37,14,1.5,222.0,0.0,-222.0,False,,13
16/06/2014,37,14,1.5,222.0,0.0,-222.0,False,,12
18/06/2014,37,14,1.5,222.0,0.0,-222.0,False,,12
20/06/2014,37,14,1.5,222.0,0.0,-222.0,False,,12
23/06/2014,37,14,1.5,222.0,0.0,-222.0,False,,11
25/06/2014,37,14,1.5,222.0,0.0,-222.0,False,,13
27/06/2014,37,14,1.5,222.0,0.0,-222.0,False,,12
30/06/2014,37,14,1.5,222.0,0.0,-222.0,False,,13
02/07/2014,37,14,1.5,222.0,0.0,-222.0,False,,12
04/07/2014,37,14,1.5,222.0,0.0,-222.0,False,,12
07/07/2014,37,14,1.5,222.0,0.0,-222.0,False,,12
09/07/2014,37,14,1.5,222.0,0.0,-222.0,False,,12
11/07/2014,37,14,1.5,222.0,0.0,-222.0,False,,13
14/07/2014,37,14,1.5,222.0,0.0,-222.0,False,,12
16/07/2014,37,14,1.5,222.0,0.0,-222.0,False,,12
18/07/2014,37,14,1.5,222.0,0.0,-222.0,False,,12
21/07/2014,37,14,1.5,222.0,0.0,-222.0,False,,12
23/07/2014,37,14,1.5,222.0,0.0,-222.0,False,,13
25/07/2014,37,14,1.5,222.0,0.0,-222.0,False,,13
28/07/2014,37,14,1.5,222.0,0.0,-222.0,False,,12
30/07/2014,37,14,1.5,222.0,0.0,-222.0,False,,12
01/08/2014,37,14,1.5,222.0,0.0,-222.0,False,,12
04/08/2014,37,14,1.5,222.0,0.0,-222.0,False,,12
06/08/2014,37,14,1.5,222.0,0.0,-222.0,False,,12
08/08/2014,37,14,1.5,222.0,0.0,-222.0,False,,12
11/08/2014,37,14,1.5,222.0,0.0,-222.0,False,,12
13/08/2014,37,14,1.5,222.0,0.0,-222.0,False,,11
15/08/2014,37,14,1.5,222.0,0.0,-222.0,False,,11
18/08/2014,37,14,1.5,222.0,0.0,-222.0,False,,12
20/08/2014,37,14,1.5,222.0,0.0,-222.0,False,,12
22/08/2014,37,14,1.5,222.0,0.0,-222.0,False,,12
25/08/2014,37,14,1.5,222.0,0.0,-222.0,False,,13
27/08/2014,37,14,1.5,222.0,0.0,-222.0,False,,12
29/08/2014,37,14,1.5,222.0,0.0,-222.0,False,,13
07/09/2014,37,14,1.5,222.0,0.0,-222.0,False,,12
08/09/2014,37,14,1.5,222.0,0.0,-222.0,False,,12
10/09/2014,37,14,1.5,222.0,0.0,-222.0,False,,12
12/09/2014,37,14,1.5,222.0,0.0,-222.0,False,,12
15/09/2014,37,14,1.5,222.0,0.0,-222.0,False,,12
17/09/2014,37,14,1.5,222.0,0.0,-222.0,False,,12
19/09/2014,37,14,1.5,222.0,0.0,-222.0,False,,12
22/09/2014,37,14,1.5,222.0,0.0,-222.0,False,,12
24/09/2014,37,14,1.5,222.0,0.0,-222.0,False,,12
26/09/2014,37,14,1.5,222.0,0.0,-222.0,False,,13
29/09/2014,37,14,1.5,222.0,0.0,-222.0,False,,12
01/10/2014,37,14,1.5,222.0,0.0,-222.0,False,,12
03/10/2014,37,14,1.5,222.0,0.0,-222.0,False,,12
06/10/2014,37,14,1.5,222.0,0.0,-222.0,False,,12
08/10/2014,37,14,1.5,222.0,0.0,-222.0,False,,12
10/10/2014,37,14,1.5,222.0,0.0,-222.0,False,,12
13/10/2014,37,14,1.5,222.0,0.0,-222.0,False,,12
15/10/2014,37,14,1.5,222.0,0.0,-222.0,False,,12
17/10/2014,37,14,1.5,222.0,0.0,-222.0,False,,12
20/10/2014,37,14,1.5,222.0,0.0,-222.0,False,,12
22/10/2014,37,14,1.5,222.0,0.0,-222.0,False,,12
24/10/2014,37,14,1.5,222.0,0.0,-222.0,False,,12
27/10/2014,37,14,1.5,222.0,0.0,-222.0,False,,12
29/10/2014,37,14,1.5,222.0,0.0,-222.0,False,,12
31/10/2014,37,14,1.5,222.0,0.0,-222.0,False,,12
03/11/2014,37,14,1.5,222.0,0.0,-222.0,False,,12
05/11/2014,37,14,1.5,222.0,0.0,-222.0,False,,12
07/11/2014,37,14,1.5,222.0,0.0,-222.0,False,,12
10/11/2014,37,14,1.5,222.0,0.0,-222.0,False,,12
12/11/2014,37,14,1.5,222.0,0.0,-222.0,False,,12
14/11/2014,37,14,1.5,222.0,0.0,-222.0,False,,12
17/11/2014,37,14,1.5,222.0,0.0,-222.0,False,,12
19/11/2014,37,14,1.5,222.0,0.0,-222.0,False,,13
21/11/2014,37,14,1.5,222.0,0.0,-222.0,False,,12
24/11/2014,37,14,1.5,222.0,0.0,-222.0,False,,13
26/11/2014,37,14,1.5,222.0,0.0,-222.0,False,,12
28/11/2014,37,14,1.5,222.0,0.0,-222.0,False,,13
01/12/2014,37,14,1.5,222.0,0.0,-222.0,False,,13
03/12/2014,37,14,1.5,222.0,0.0,-222.0,False,,12
05/12/2014,37,14,1.5,222.0,0.0,-222.0,False,,12
08/12/2014,37,14,1.5,222.0,0.0,-222.0,False,,12
10/12/2014,37,14,1.5,222.0,0.0,-222.0,False,,12
12/12/2014,37,14,1.5,222.0,0.0,-222.0,False,,13
15/12/2014,37,14,1.5,222.0,0.0,-222.0,False,,13
17/12/2014,37,14,1.5,222.0,0.0,-222.0,False,,12
19/12/2014,37,14,1.5,222.0,0.0,-222.0,False,,12
22/12/2014,37,14,1.5,222.0,0.0,-222.0,False,,12
24/12/2014,37,14,1.5,222.0,0.0,-222.0,False,,13
26/12/2014,37,14,1.5,222.0,0.0,-222.0,False,,12
29/12/2014,37,14,1.5,222.0,0.0,-222.0,False,,12
31/12/2014,37,14,1.5,222.0,0.0,-222.0,False,,12
02/01/2015,37,14,1.5,222.0,0.0,-222.0,False,,12
05/01/2015,37,14,1.5,222.0,0.0,-222.0,False,,12
07/01/2015,37,14,1.5,222.0,0.0,-222.0,False,,12
09/01/2015,37,14,1.5,222.0,0.0,-222.0,False,,12
12/01/2015,37,14,1.5,222.0,1611.82,1389.82,True,17,14
14/01/2015,37,14,1.5,222.0,0.0,-222.0,False,,12
16/01/2015,37,14,1.5,222.0,1611.82,1389.82,True,15,14
19/01/2015,37,14,1.5,222.0,0.0,-222.0,False,,13
21/01/2015,37,14,1.5,222.0,0.0,-222.0,False,,11
23/01/2015,37,14,1.5,222.0,0.0,-222.0,False,,12
26/01/2015,37,14,1.5,222.0,0.0,-222.0,False,,12
28/01/2015,37,14,1.5,222.0,0.0,-222.0,False,,11
30/01/2015,37,14,1.5,222.0,0.0,-222.0,False,,12
02/02/2015,37,14,1.5,222.0,0.0,-222.0,False,,12
04/02/2015,37,14,1.5,222.0,0.0,-222.0,False,,12
06/02/2015,37,14,1.5,222.0,0.0,-222.0,False,,12
09/02/2015,37,14,1.5,222.0,0.0,-222.0,False,,12
11/02/2015,37,14,1.5,222.0,0.0,-222.0,False,,12
13/02/2015,37,14,1.5,222.0,0.0,-222.0,False,,12
18/02/2015,37,14,1.5,222.0,0.0,-222.0,False,,12
20/02/2015,37,14,1.5,222.0,0.0,-222.0,False,,12
23/02/2015,37,14,1.5,222.0,0.0,-222.0,False,,12
25/02/2015,37,14,1.5,222.0,0.0,-222.0,False,,12
27/02/2015,37,14,1.5,222.0,0.0,-222.0,False,,12
02/03/2015,37,14,1.5,224.0,0.0,-224.0,False,,11
04/03/2015,37,14,1.5,226.0,0.0,-226.0,False,,12
06/03/2015,37,14,1.5,228.0,0.0,-228.0,False,,12
09/03/2015,37,14,1.5,230.0,0.0,-230.0,False,,12
11/03/2015,37,14,1.5,232.0,0.0,-232.0,False,,11
13/03/2015,37,14,1.5,234.0,0.0,-234.0,False,,12
16/03/2015,37,14,1.5,236.0,0.0,-236.0,False,,12
18/03/2015,37,14,1.5,238.0,0.0,-238.0,False,,12
20/03/2015,37,14,1.5,240.0,0.0,-240.0,False,,12
23/03/2015,37,14,1.5,242.0,0.0,-242.0,False,,12
25/03/2015,37,14,1.5,244.0,0.0,-244.0,False,,13
27/03/2015,37,14,1.5,246.0,0.0,-246.0,False,,13
30/03/2015,37,14,1.5,248.0,0.0,-248.0,False,,11
01/04/2015,37,14,1.5,250.0,0.0,-250.0,False,,12
04/04/2015,37,14,1.5,252.0,0.0,-252.0,False,,11
06/04/2015,37,14,1.5,254.0,0.0,-254.0,False,,12
08/04/2015,37,14,1.5,256.0,0.0,-256.0,False,,11
10/04/2015,37,14,1.5,258.0,0.0,-258.0,False,,12
13/04/2015,37,14,1.5,260.0,0.0,-260.0,False,,13
15/04/2015,37,14,1.5,262.0,0.0,-262.0,False,,13
17/04/2015,37,14,1.5,264.0,0.0,-264.0,False,,13
20/04/2015,37,14,1.5,266.0,0.0,-266.0,False,,13
22/04/2015,37,14,1.5,268.0,0.0,-268.0,False,,13
24/04/2015,37,14,1.5,270.0,0.0,-270.0,False,,12
27/04/2015,37,14,1.5,272.0,0.0,-272.0,False,,13
29/04/2015,37,14,1.5,274.0,0.0,-274.0,False,,12
02/05/2015,37,14,1.5,276.0,0.0,-276.0,False,,12
04/05/2015,37,14,1.5,278.0,1810.51,1532.51,True,27,14
06/05/2015,37,14,1.5,280.0,0.0,-280.0,False,,13
08/05/2015,37,14,1.5,282.0,0.0,-282.0,False,,12
11/05/2015,37,14,1.5,284.0,0.0,-284.0,False,,12
13/05/2015,37,14,1.5,286.0,0.0,-286.0,False,,12
15/05/2015,37,14,1.5,288.0,0.0,-288.0,False,,13
18/05/2015,37,14,1.5,290.0,0.0,-290.0,False,,12
20/05/2015,37,14,1.5,292.0,0.0,-292.0,False,,12
22/05/2015,37,14,1.5,294.0,0.0,-294.0,False,,12
25/05/2015,37,14,2.0,296.0,0.0,-296.0,False,,12
27/05/2015,37,14,2.0,296.0,0.0,-296.0,False,,12
29/05/2015,37,14,2.0,296.0,0.0,-296.0,False,,12
01/06/2015,37,14,2.0,296.0,0.0,-296.0,False,,12
03/06/2015,37,14,2.0,296.0,0.0,-296.0,False,,12
05/06/2015,37,14,2.0,296.0,0.0,-296.0,False,,12
08/06/2015,37,14,2.0,296.0,0.0,-296.0,False,,12
10/06/2015,37,14,2.0,296.0,0.0,-296.0,False,,12
12/06/2015,37,14,2.0,296.0,0.0,-296.0,False,,12
15/06/2015,37,14,2.0,296.0,0.0,-296.0,False,,12
17/06/2015,37,14,2.0,296.0,0.0,-296.0,False,,12
19/06/2015,37,14,2.0,296.0,0.0,-296.0,False,,12
22/06/2015,37,14,2.0,296.0,0.0,-296.0,False,,12
24/06/2015,37,14,2.0,296.0,0.0,-296.0,False,,12
26/06/2015,37,14,2.0,296.0,0.0,-296.0,False,,12
29/06/2015,37,14,2.0,296.0,0.0,-296.0,False,,12
01/07/2015,37,14,2.0,296.0,0.0,-296.0,False,,12
03/07/2015,37,14,2.0,296.0,0.0,-296.0,False,,12
06/07/2015,37,14,2.0,296.0,0.0,-296.0,False,,12
08/07/2015,37,14,2.0,296.0,0.0,-296.0,False,,12
10/07/2015,37,14,2.0,296.0,0.0,-296.0,False,,12
13/07/2015,37,14,2.0,296.0,0.0,-296.0,False,,12
15/07/2015,37,14,2.0,296.0,0.0,-296.0,False,,12
17/07/2015,37,14,2.0,296.0,0.0,-296.0,False,,11
20/07/2015,37,14,2.0,296.0,0.0,-296.0,False,,12
22/07/2015,37,14,2.0,296.0,0.0,-296.0,False,,13
24/07/2015,37,14,2.0,296.0,0.0,-296.0,False,,13
27/07/2015,37,14,2.0,296.0,0.0,-296.0,False,,13
29/07/2015,37,14,2.0,296.0,0.0,-296.0,False,,12
31/07/2015,37,14,2.0,296.0,0.0,-296.0,False,,12
03/08/2015,37,14,2.0,296.0,0.0,-296.0,False,,12
05/08/2015,37,14,2.0,296.0,0.0,-296.0,False,,12
07/08/2015,37,14,2.0,296.0,0.0,-296.0,False,,12
10/08/2015,37,14,2.0,296.0,0.0,-296.0,False,,12
12/08/2015,37,14,2.0,296.0,0.0,-296.0,False,,12
14/08/2015,37,14,2.0,296.0,0.0,-296.0,False,,13
17/08/2015,37,14,2.0,296.0,0.0,-296.0,False,,12
19/08/2015,37,14,2.0,296.0,0.0,-296.0,False,,12
21/08/2015,37,14,2.0,296.0,0.0,-296.0,False,,13
24/08/2015,37,14,2.0,296.0,0.0,-296.0,False,,13
26/08/2015,37,14,2.0,296.0,0.0,-296.0,False,,12
28/08/2015,37,14,2.0,296.0,0.0,-296.0,False,,12
08/09/2015,37,14,2.0,296.0,0.0,-296.0,False,,12
09/09/2015,37,14,2.0,296.0,0.0,-296.0,False,,12
11/09/2015,37,14,2.0,296.0,0.0,-296.0,False,,13
14/09/2015,37,14,2.0,296.0,0.0,-296.0,False,,12
16/09/2015,37,14,2.0,296.0,0.0,-296.0,False,,12
18/09/2015,37,14,2.0,296.0,0.0,-296.0,False,,12
21/09/2015,37,14,2.0,296.0,0.0,-296.0,False,,12
23/09/2015,37,14,2.0,296.0,0.0,-296.0,False,,13
25/09/2015,37,14,2.0,296.0,0.0,-296.0,False,,12
28/09/2015,37,14,2.0,296.0,0.0,-296.0,False,,12
30/09/2015,37,14,2.0,296.0,0.0,-296.0,False,,12
02/10/2015,37,14,2.0,296.0,0.0,-296.0,False,,12
05/10/2015,37,14,2.0,296.0,0.0,-296.0,False,,12
07/10/2015,37,14,2.0,296.0,0.0,-296.0,False,,12
09/10/2015,37,14,2.0,296.0,0.0,-296.0,False,,12
13/10/2015,37,14,2.0,296.0,0.0,-296.0,False,,11
14/10/2015,37,14,2.0,296.0,0.0,-296.0,False,,12
16/10/2015,37,14,2.0,296.0,0.0,-296.0,False,,12
19/10/2015,37,14,2.0,296.0,0.0,-296.0,False,,12
21/10/2015,37,14,2.0,296.0,0.0,-296.0,False,,12
23/10/2015,37,14,2.0,296.0,0.0,-296.0,False,,12
26/10/2015,37,14,2.0,296.0,0.0,-296.0,False,,12
28/10/2015,37,14,2.0,296.0,0.0,-296.0,False,,12
30/10/2015,37,14,2.0,296.0,0.0,-296.0,False,,12
03/11/2015,37,14,2.0,296.0,0.0,-296.0,False,,12
04/11/2015,37,14,2.0,296.0,0.0,-296.0,False,,12
06/11/2015,37,14,2.0,296.0,0.0,-296.0,False,,12
09/11/2015,37,14,2.0,296.0,0.0,-296.0,False,,12
11/11/2015,37,14,2.0,296.0,0.0,-296.0,False,,12
13/11/2015,37,14,2.0,296.0,0.0,-296.0,False,,12
16/11/2015,37,14,2.0,296.0,0.0,-296.0,False,,12
18/11/2015,37,14,2.0,296.0,0.0,-296.0,False,,12
20/11/2015,37,14,2.0,296.0,0.0,-296.0,False,,12
23/11/2015,37,14,2.0,296.0,0.0,-296.0,False,,12
25/11/2015,37,14,2.0,296.0,0.0,-296.0,False,,12
27/11/2015,37,14,2.0,296.0,0.0,-296.0,False,,13
30/11/2015,37,14,2.0,296.0,0.0,-296.0,False,,13
02/12/2015,37,14,2.0,296.0,0.0,-296.0,False,,12
04/12/2015,37,14,2.0,296.0,0.0,-296.0,False,,12
07/12/2015,37,14,2.0,296.0,0.0,-296.0,False,,12
09/12/2015,37,14,2.0,296.0,0.0,-296.0,False,,12
11/12/2015,37,14,2.0,296.0,0.0,-296.0,False,,12
14/12/2015,37,14,2.0,296.0,0.0,-296.0,False,,12
16/12/2015,37,14,2.0,296.0,0.0,-296.0,False,,12
18/12/2015,37,14,2.0,296.0,0.0,-296.0,False,,12
21/12/2015,37,14,2.0,296.0,0.0,-296.0,False,,12
23/12/2015,37,14,2.0,296.0,0.0,-296.0,False,,12
26/12/2015,37,14,2.0,296.0,0.0,-296.0,False,,13
28/12/2015,37,14,2.0,296.0,0.0,-296.0,False,,13
30/12/2015,37,14,2.0,296.0,0.0,-296.0,False,,12
02/01/2016,37,14,2.0,296.0,0.0,-296.0,False,,12
04/01/2016,37,14,2.0,296.0,0.0,-296.0,False,,12
06/01/2016,37,14,2.0,296.0,0.0,-296.0,False,,12
08/01/2016,37,14,2.0,296.0,0.0,-296.0,False,,12
11/01/2016,37,14,2.0,296.0,0.0,-296.0,False,,13
13/01/2016,37,14,2.0,296.0,0.0,-296.0,False,,12
15/01/2016,37,14,2.0,296.0,0.0,-296.0,False,,12
18/01/2016,37,14,2.0,296.0,0.0,-296.0,False,,12
20/01/2016,37,14,2.0,296.0,0.0,-296.0,False,,12
22/01/2016,37,14,2.0,296.0,0.0,-296.0,False,,13
25/01/2016,37,14,2.0,296.0,0.0,-296.0,False,,13
27/01/2016,37,14,2.0,296.0,0.0,-296.0,False,,13
29/01/2016,37,14,2.0,296.0,0.0,-296.0,False,,12
01/02/2016,37,14,2.0,296.0,0.0,-296.0,False,,12
03/02/2016,37,14,2.0,296.0,0.0,-296.0,False,,11
05/02/2016,37,14,2.0,296.0,0.0,-296.0,False,,12
10/02/2016,37,14,2.0,296.0,0.0,-296.0,False,,12
12/02/2016,37,14,2.0,296.0,0.0,-296.0,False,,12
15/02/2016,37,14,2.0,296.0,0.0,-296.0,False,,12
17/02/2016,37,14,2.0,296.0,0.0,-296.0,False,,12
19/02/2016,37,14,2.0,296.0,0.0,-296.0,False,,12
22/02/2016,37,14,2.0,296.0,0.0,-296.0,False,,13
24/02/2016,37,14,2.0,296.0,0.0,-296.0,False,,12
26/02/2016,37,14,2.0,296.0,0.0,-296.0,False,,12
29/02/2016,37,14,2.0,296.0,0.0,-296.0,False,,12
02/03/2016,37,14,2.0,296.0,0.0,-296.0,False,,12
04/03/2016,37,14,2.0,296.0,0.0,-296.0,False,,12
07/03/2016,37,14,2.0,296.0,0.0,-296.0,False,,12
09/03/2016,37,14,2.0,296.0,0.0,-296.0,False,,12
11/03/2016,37,14,2.0,296.0,0.0,-296.0,False,,12
14/03/2016,37,14,2.0,296.0,1408.5,1112.5,True,26,14
16/03/2016,37,14,2.0,296.0,0.0,-296.0,False,,12
18/03/2016,37,14,2.0,296.0,0.0,-296.0,False,,12
21/03/2016,37,14,2.0,296.0,0.0,-296.0,False,,12
23/03/2016,37,14,2.0,296.0,0.0,-296.0,False,,12
26/03/2016,37,14,2.0,296.0,0.0,-296.0,False,,12
28/03/2016,37,14,2.0,296.0,0.0,-296.0,False,,13
30/03/2016,37,14,2.0,296.0,0.0,-296.0,False,,12
01/04/2016,37,14,2.0,296.0,0.0,-296.0,False,,12
04/04/2016,37,14,2.0,296.0,0.0,-296.0,False,,12
06/04/2016,37,14,2.0,296.0,0.0,-296.0,False,,11
08/04/2016,37,14,2.0,296.0,0.0,-296.0,False,,12
11/04/2016,37,14,2.0,296.0,0.0,-296.0,False,,12
13/04/2016,37,14,2.0,296.0,0.0,-296.0,False,,12
15/04/2016,37,14,2.0,296.0,0.0,-296.0,False,,11
18/04/2016,37,14,2.0,296.0,0.0,-296.0,False,,12
20/04/2016,37,14,2.0,296.0,0.0,-296.0,False,,12
22/04/2016,37,14,2.0,296.0,0.0,-296.0,False,,12
25/04/2016,37,14,2.0,296.0,0.0,-296.0,False,,11
27/04/2016,37,14,2.0,296.0,0.0,-296.0,False,,12
29/04/2016,37,14,2.0,296.0,0.0,-296.0,False,,11
02/05/2016,37,14,2.0,296.0,0.0,-296.0,False,,11
04/05/2016,37,14,2.0,296.0,0.0,-296.0,False,,12
06/05/2016,37,14,2.0,296.0,0.0,-296.0,False,,12
09/05/2016,37,14,2.0,296.0,0.0,-296.0,False,,12
11/05/2016,37,14,2.0,296.0,0.0,-296.0,False,,12
13/05/2016,37,14,2.0,296.0,0.0,-296.0,False,,12
16/05/2016,37,14,2.0,296.0,0.0,-296.0,False,,11
18/05/2016,37,14,2.0,296.0,0.0,-296.0,False,,12
20/05/2016,37,14,2.0,296.0,0.0,-296.0,False,,11
23/05/2016,37,14,2.0,296.0,0.0,-296.0,False,,12
25/05/2016,37,14,2.0,296.0,0.0,-296.0,False,,11
27/05/2016,37,14,2.0,296.0,0.0,-296.0,False,,11
30/05/2016,37,14,2.0,296.0,0.0,-296.0,False,,13
01/06/2016,37,14,2.0,296.0,0.0,-296.0,False,,11
03/06/2016,37,14,2.0,296.0,0.0,-296.0,False,,11
06/06/2016,37,14,2.0,296.0,0.0,-296.0,False,,11
08/06/2016,37,14,2.0,296.0,0.0,-296.0,False,,12
10/06/2016,37,14,2.0,296.0,0.0,-296.0,False,,12
13/06/2016,37,14,2.0,296.0,0.0,-296.0,False,,13
15/06/2016,37,14,2.0,296.0,0.0,-296.0,False,,12
17/06/2016,37,14,2.0,296.0,0.0,-296.0,False,,13
20/06/2016,37,14,2.0,296.0,0.0,-296.0,False,,12
22/06/2016,37,14,2.0,296.0,0.0,-296.0,False,,12
24/06/2016,37,14,2.0,296.0,0.0,-296.0,False,,12
27/06/2016,37,14,2.0,296.0,0.0,-296.0,False,,13
29/06/2016,37,14,2.0,296.0,0.0,-296.0,False,,13
01/07/2016,37,14,2.0,296.0,0.0,-296.0,False,,12
04/07/2016,37,14,2.0,296.0,0.0,-296.0,False,,12
06/07/2016,37,14,2.0,296.0,0.0,-296.0,False,,12
08/07/2016,37,14,2.0,296.0,0.0,-296.0,False,,12
11/07/2016,37,14,2.0,296.0,0.0,-296.0,False,,12
13/07/2016,37,14,2.0,296.0,0.0,-296.0,False,,12
15/07/2016,37,14,2.0,296.0,0.0,-296.0,False,,12
18/07/2016,37,14,2.0,296.0,0.0,-296.0,False,,12
20/07/2016,37,14,2.0,296.0,0.0,-296.0,False,,11
22/07/2016,37,14,2.0,296.0,0.0,-296.0,False,,11
25/07/2016,37,14,2.0,296.0,0.0,-296.0,False,,11
27/07/2016,37,14,2.0,296.0,0.0,-296.0,False,,12
29/07/2016,37,14,2.0,296.0,0.0,-296.0,False,,11
01/08/2016,37,14,2.0,296.0,0.0,-296.0,False,,11
03/08/2016,37,14,2.0,296.0,0.0,-296.0,False,,12
05/08/2016,37,14,2.0,296.0,0.0,-296.0,False,,12
08/08/2016,37,14,2.0,296.0,0.0,-296.0,False,,13
10/08/2016,37,14,2.0,296.0,0.0,-296.0,False,,12
12/08/2016,37,14,2.0,296.0,0.0,-296.0,False,,12
15/08/2016,37,14,2.0,296.0,0.0,-296.0,False,,11
17/08/2016,37,14,2.0,296.0,0.0,-296.0,False,,12
19/08/2016,37,14,2.0,296.0,0.0,-296.0,False,,12
22/08/2016,37,14,2.0,296.0,0.0,-296.0,False,,12
24/08/2016,37,14,2.0,296.0,0.0,-296.0,False,,12
26/08/2016,37,14,2.0,296.0,0.0,-296.0,False,,12
29/08/2016,37,14,2.0,296.0,0.0,-296.0,False,,13
06/09/2016,37,14,2.0,296.0,0.0,-296.0,False,,12
09/09/2016,37,14,2.0,296.0,0.0,-296.0,False,,12
12/09/2016,37,14,2.0,296.0,0.0,-296.0,False,,12
14/09/2016,37,14,2.0,296.0,0.0,-296.0,False,,13
16/09/2016,37,14,2.0,296.0,0.0,-296.0,False,,12
19/09/2016,37,14,2.0,296.0,0.0,-296.0,False,,12
21/09/2016,37,14,2.0,296.0,0.0,-296.0,False,,12
23/09/2016,37,14,2.0,296.0,0.0,-296.0,False,,13
26/09/2016,37,14,2.0,296.0,0.0,-296.0,False,,13
28/09/2016,37,14,2.0,296.0,0.0,-296.0,False,,12
30/09/2016,37,14,2.0,296.0,0.0,-296.0,False,,12
03/10/2016,37,14,2.0,296.0,0.0,-296.0,False,,11
05/10/2016,37,14,2.0,296.0,0.0,-296.0,False,,12
07/10/2016,37,14,2.0,296.0,0.0,-296.0,False,,12
10/10/2016,37,14,2.0,296.0,0.0,-296.0,False,,12
14/10/2016,37,14,2.0,296.0,0.0,-296.0,False,,12
17/10/2016,37,14,2.0,296.0,0.0,-296.0,False,,13
19/10/2016,37,14,2.0,296.0,0.0,-296.0,False,,11
21/10/2016,37,14,2.0,296.0,0.0,-296.0,False,,12
24/10/2016,37,14,2.0,296.0,0.0,-296.0,False,,13
26/10/2016,37,14,2.0,296.0,0.0,-296.0,False,,12
28/10/2016,37,14,2.0,296.0,0.0,-296.0,False,,12
31/10/2016,37,14,2.0,296.0,0.0,-296.0,False,,13
04/11/2016,37,14,2.0,296.0,0.0,-296.0,False,,13
07/11/2016,37,14,2.0,296.0,0.0,-296.0,False,,13
09/11/2016,37,14,2.0,296.0,0.0,-296.0,False,,12
11/11/2016,37,14,2.0,296.0,0.0,-296.0,False,,12
14/11/2016,37,14,2.0,296.0,0.0,-296.0,False,,12
16/11/2016,37,14,2.0,296.0,0.0,-296.0,False,,12
18/11/2016,37,14,2.0,296.0,0.0,-296.0,False,,12
21/11/2016,37,14,2.0,296.0,0.0,-296.0,False,,12
23/11/2016,37,14,2.0,296.0,0.0,-296.0,False,,12
25/11/2016,37,14,2.0,296.0,0.0,-296.0,False,,12
28/11/2016,37,14,2.0,296.0,0.0,-296.0,False,,12
30/11/2016,37,14,2.0,296.0,0.0,-296.0,False,,12
02/12/2016,37,14,2.0,296.0,0.0,-296.0,False,,12
05/12/2016,37,14,2.0,296.0,0.0,-296.0,False,,13
07/12/2016,37,14,2.0,296.0,0.0,-296.0,False,,12
09/12/2016,37,14,2.0,296.0,0.0,-296.0,False,,12
12/12/2016,37,14,2.0,296.0,0.0,-296.0,False,,13
14/12/2016,37,14,2.0,296.0,0.0,-296.0,False,,12
16/12/2016,37,14,2.0,296.0,0.0,-296.0,False,,12
19/12/2016,37,14,2.0,296.0,0.0,-296.0,False,,12
21/12/2016,37,14,2.0,296.0,0.0,-296.0,False,,12
23/12/2016,37,14,2.0,296.0,0.0,-296.0,False,,13
26/12/2016,37,14,2.0,296.0,0.0,-296.0,False,,13
28/12/2016,37,14,2.0,296.0,0.0,-296.0,False,,12
30/12/2016,37,14,2.0,296.0,0.0,-296.0,False,,12
02/01/2017,37,14,2.0,296.0,0.0,-296.0,False,,12
04/01/2017,37,14,2.0,296.0,0.0,-296.0,False,,12
06/01/2017,37,14,2.0,296.0,0.0,-296.0,False,,12
09/01/2017,37,14,2.0,296.0,0.0,-296.0,False,,12
11/01/2017,37,14,2.0,296.0,0.0,-296.0,False,,12
13/01/2017,37,14,2.0,296.0,0.0,-296.0,False,,12
16/01/2017,37,14,2.0,296.0,0.0,-296.0,False,,11
18/01/2017,37,14,2.0,296.0,0.0,-296.0,False,,12
20/01/2017,37,14,2.0,296.0,0.0,-296.0,False,,12
23/01/2017,37,14,2.0,296.0,0.0,-296.0,False,,12
25/01/2017,37,14,2.0,296.0,0.0,-296.0,False,,13
27/01/2017,37,14,2.0,296.0,0.0,-296.0,False,,12
30/01/2017,37,14,2.0,296.0,0.0,-296.0,False,,12
01/02/2017,37,14,2.0,296.0,0.0,-296.0,False,,12
03/02/2017,37,14,2.0,296.0,0.0,-296.0,False,,12
06/02/2017,37,14,2.0,296.0,0.0,-296.0,False,,12
08/02/2017,37,14,2.0,296.0,0.0,-296.0,False,,12
10/02/2017,37,14,2.0,296.0,0.0,-296.0,False,,12
13/02/2017,37,14,2.0,296.0,0.0,-296.0,False,,12
15/02/2017,37,14,2.0,296.0,0.0,-296.0,False,,12
17/02/2017,37,14,2.0,296.0,0.0,-296.0,False,,12
20/02/2017,37,14,2.0,296.0,0.0,-296.0,False,,12
22/02/2017,37,14,2.0,296.0,0.0,-296.0,False,,12
24/02/2017,37,14,2.0,296.0,0.0,-296.0,False,,12
01/03/2017,37,14,2.0,296.0,0.0,-296.0,False,,12
03/03/2017,37,14,2.0,296.0,0.0,-296.0,False,,12
06/03/2017,37,14,2.0,296.0,0.0,-296.0,False,,12
08/03/2017,37,14,2.0,296.0,0.0,-296.0,False,,12
10/03/2017,37,14,2.0,296.0,0.0,-296.0,False,,12
13/03/2017,37,14,2.0,296.0,0.0,-296.0,False,,12
15/03/2017,37,14,2.0,296.0,0.0,-296.0,False,,12
17/03/2017,37,14,2.0,296.0,0.0,-296.0,False,,12
20/03/2017,37,14,2.0,296.0,0.0,-296.0,False,,12
22/03/2017,37,14,2.0,296.0,0.0,-296.0,False,,12
24/03/2017,37,14,2.0,296.0,0.0,-296.0,False,,12
27/03/2017,37,14,2.0,296.0,0.0,-296.0,False,,12
29/03/2017,37,14,2.0,296.0,0.0,-296.0,False,,13
31/03/2017,37,14,2.0,296.0,0.0,-296.0,False,,11
03/04/2017,37,14,2.0,296.0,0.0,-296.0,False,,12
05/04/2017,37,14,2.0,296.0,0.0,-296.0,False,,12
07/04/2017,37,14,2.0,296.0,0.0,-296.0,False,,13
10/04/2017,37,14,2.0,296.0,0.0,-296.0,False,,12
12/04/2017,37,14,2.0,296.0,0.0,-296.0,False,,12
15/04/2017,37,14,2.0,296.0,0.0,-296.0,False,,12
17/04/2017,37,14,2.0,296.0,0.0,-296.0,False,,12
19/04/2017,37,14,2.0,296.0,0.0,-296.0,False,,12
22/04/2017,37,14,2.0,296.0,0.0,-296.0,False,,12
24/04/2017,37,14,2.0,296.0,0.0,-296.0,False,,12
26/04/2017,37,14,2.0,296.0,0.0,-296.0,False,,12
28/04/2017,37,14,2.0,296.0,0.0,-296.0,False,,12
03/05/2017,37,14,2.0,296.0,0.0,-296.0,False,,13
05/05/2017,37,14,2.0,296.0,0.0,-296.0,False,,12
08/05/2017,37,14,2.0,296.0,0.0,-296.0,False,,12
10/05/2017,37,14,2.0,296.0,0.0,-296.0,False,,12
12/05/2017,37,14,2.0,296.0,0.0,-296.0,False,,12
15/05/2017,37,14,2.0,296.0,0.0,-296.0,False,,12
17/05/2017,37,14,2.0,296.0,0.0,-296.0,False,,12
19/05/2017,37,14,2.0,296.0,0.0,-296.0,False,,12
22/05/2017,37,14,2.0,296.0,0.0,-296.0,False,,12
24/05/2017,37,14,2.0,296.0,0.0,-296.0,False,,12
26/05/2017,37,14,2.0,296.0,0.0,-296.0,False,,12
29/05/2017,37,14,2.0,296.0,0.0,-296.0,False,,12
31/05/2017,37,14,2.0,296.0,0.0,-296.0,False,,12
02/06/2017,37,14,2.0,296.0,0.0,-296.0,False,,12
05/06/2017,37,14,2.0,296.0,0.0,-296.0,False,,12
07/06/2017,37,14,2.0,296.0,0.0,-296.0,False,,12
09/06/2017,37,14,2.0,296.0,0.0,-296.0,False,,13
12/06/2017,37,14,2.0,296.0,0.0,-296.0,False,,12
14/06/2017,37,14,2.0,296.0,0.0,-296.0,False,,12
16/06/2017,37,14,2.0,296.0,0.0,-296.0,False,,12
19/06/2017,37,14,2.0,296.0,0.0,-296.0,False,,12
21/06/2017,37,14,2.0,296.0,0.0,-296.0,False,,12
23/06/2017,37,14,2.0,296.0,0.0,-296.0,False,,12
26/06/2017,37,14,2.0,296.0,0.0,-296.0,False,,12
28/06/2017,37,14,2.0,296.0,0.0,-296.0,False,,12
30/06/2017,37,14,2.0,296.0,0.0,-296.0,False,,12
03/07/2017,37,14,2.0,296.0,0.0,-296.0,False,,13
05/07/2017,37,14,2.0,296.0,0.0,-296.0,False,,13
07/07/2017,37,14,2.0,296.0,0.0,-296.0,False,,13
10/07/2017,37,14,2.0,296.0,0.0,-296.0,False,,13
12/07/2017,37,14,2.0,296.0,0.0,-296.0,False,,13
14/07/2017,37,14,2.0,296.0,0.0,-296.0,False,,13
17/07/2017,37,14,2.0,296.0,0.0,-296.0,False,,13
19/07/2017,37,14,2.0,296.0,0.0,-296.0,False,,13
21/07/2017,37,14,2.0,296.0,0.0,-296.0,False,,13
24/07/2017,37,14,2.0,296.0,0.0,-296.0,False,,13
26/07/2017,37,14,2.0,296.0,0.0,-296.0,False,,13
28/07/2017,37,14,2.0,296.0,0.0,-296.0,False,,13
31/07/2017,37,14,2.0,296.0,0.0,-296.0,False,,13
02/08/2017,37,14,2.0,296.0,0.0,-296.0,False,,13
04/08/2017,37,14,2.0,296.0,0.0,-296.0,False,,13
07/08/2017,37,14,2.0,296.0,0.0,-296.0,False,,13
09/08/2017,37,14,2.0,296.0,0.0,-296.0,False,,13
11/08/2017,37,14,2.0,296.0,0.0,-296.0,False,,13
14/08/2017,37,14,2.0,296.0,0.0,-296.0,False,,13
16/08/2017,37,14,2.0,296.0,0.0,-296.0,False,,12
18/08/2017,37,14,2.0,296.0,0.0,-296.0,False,,12
21/08/2017,37,14,2.0,296.0,0.0,-296.0,False,,12
23/08/2017,37,14,2.0,296.0,0.0,-296.0,False,,12
25/08/2017,37,14,2.0,296.0,0.0,-296.0,False,,12
28/08/2017,37,14,2.0,296.0,0.0,-296.0,False,,12
07/09/2017,37,14,2.0,296.0,0.0,-296.0,False,,13
11/09/2017,37,14,2.0,296.0,0.0,-296.0,False,,12
13/09/2017,37,14,2.0,296.0,0.0,-296.0,False,,12
15/09/2017,37,14,2.0,296.0,0.0,-296.0,False,,12
18/09/2017,37,14,2.0,296.0,0.0,-296.0,False,,13
20/09/2017,37,14,2.0,296.0,0.0,-296.0,False,,12
22/09/2017,37,14,2.0,296.0,0.0,-296.0,False,,12
25/09/2017,37,14,2.0,296.0,0.0,-296.0,False,,12
27/09/2017,37,14,2.0,296.0,0.0,-296.0,False,,12
29/09/2017,37,14,2.0,296.0,0.0,-296.0,False,,12
02/10/2017,37,14,2.0,296.0,0.0,-296.0,False,,12
04/10/2017,37,14,2.0,296.0,0.0,-296.0,False,,12
06/10/2017,37,14,2.0,296.0,0.0,-296.0,False,,12
09/10/2017,37,14,2.0,296.0,0.0,-296.0,False,,12
11/10/2017,37,14,2.0,296.0,0.0,-296.0,False,,12
13/10/2017,37,14,2.0,296.0,0.0,-296.0,False,,12
16/10/2017,37,14,2.0,296.0,0.0,-296.0,False,,12
18/10/2017,37,14,2.0,296.0,0.0,-296.0,False,,13
20/10/2017,37,14,2.0,296.0,0.0,-296.0,False,,12
23/10/2017,37,14,2.0,296.0,0.0,-296.0,False,,12
25/10/2017,37,14,2.0,296.0,0.0,-296.0,False,,12
27/10/2017,37,14,2.0,296.0,0.0,-296.0,False,,12
30/10/2017,37,14,2.0,296.0,0.0,-296.0,False,,11
01/11/2017,37,14,2.0,296.0,0.0,-296.0,False,,12
03/11/2017,37,14,2.0,296.0,0.0,-296.0,False,,13
06/11/2017,37,14,2.0,296.0,0.0,-296.0,False,,12
08/11/2017,37,14,2.0,296.0,0.0,-296.0,False,,11
10/11/2017,37,14,2.0,296.0,0.0,-296.0,False,,12
13/11/2017,37,14,2.0,296.0,0.0,-296.0,False,,12
16/11/2017,37,14,2.0,296.0,0.0,-296.0,False,,11
17/11/2017,37,14,2.0,296.0,0.0,-296.0,False,,12
20/11/2017,37,14,2.0,296.0,0.0,-296.0,False,,12
22/11/2017,37,14,2.0,296.0,0.0,-296.0,False,,12
24/11/2017,37,14,2.0,296.0,0.0,-296.0,False,,12
27/11/2017,37,14,2.0,296.0,0.0,-296.0,False,,13
29/11/2017,37,14,2.0,296.0,0.0,-296.0,False,,12
01/12/2017,37,14,2.0,296.0,0.0,-296.0,False,,12
04/12/2017,37,14,2.0,296.0,0.0,-296.0,False,,12
06/12/2017,37,14,2.0,296.0,0.0,-296.0,False,,13
08/12/2017,37,14,2.0,296.0,0.0,-296.0,False,,12
11/12/2017,37,14,2.0,296.0,0.0,-296.0,False,,12
13/12/2017,37,14,2.0,296.0,0.0,-296.0,False,,12
15/12/2017,37,14,2.0,296.0,0.0,-296.0,False,,12
18/12/2017,37,14,2.0,296.0,0.0,-296.0,False,,12
20/12/2017,37,14,2.0,296.0,0.0,-296.0,False,,12
22/12/2017,37,14,2.0,296.0,0.0,-296.0,False,,12
26/12/2017,37,14,2.0,296.0,0.0,-296.0,False,,12
27/12/2017,37,14,2.0,296.0,0.0,-296.0,False,,13
29/12/2017,37,14,2.0,296.0,0.0,-296.0,False,,12
02/01/2018,37,14,2.0,296.0,0.0,-296.0,False,,13
03/01/2018,37,14,2.0,296.0,0.0,-296.0,False,,12
05/01/2018,37,14,2.0,296.0,0.0,-296.0,False,,12
08/01/2018,37,14,2.0,296.0,0.0,-296.0,False,,12
10/01/2018,37,14,2.0,296.0,0.0,-296.0,False,,12
12/01/2018,37,14,2.0,296.0,0.0,-296.0,False,,12
15/01/2018,37,14,2.0,296.0,0.0,-296.0,False,,13
17/01/2018,37,14,2.0,296.0,0.0,-296.0,False,,13
19/01/2018,37,14,2.0,296.0,0.0,-296.0,False,,12
22/01/2018,37,14,2.0,296.0,0.0,-296.0,False,,12
24/01/2018,37,14,2.0,296.0,0.0,-296.0,False,,12
26/01/2018,37,14,2.0,296.0,0.0,-296.0,False,,12
29/01/2018,37,14,2.0,296.0,0.0,-296.0,False,,12
31/01/2018,37,14,2.0,296.0,0.0,-296.0,False,,12
02/02/2018,37,14,2.0,296.0,0.0,-296.0,False,,12
05/02/2018,37,14,2.0,296.0,0.0,-296.0,False,,12
07/02/2018,37,14,2.0,296.0,0.0,-296.0,False,,13
09/02/2018,37,14,2.0,296.0,0.0,-296.0,False,,12
14/02/2018,37,14,2.0,296.0,0.0,-296.0,False,,12
16/02/2018,37,14,2.0,296.0,0.0,-296.0,False,,12
19/02/2018,37,14,2.0,296.0,0.0,-296.0,False,,12
21/02/2018,37,14,2.0,296.0,0.0,-296.0,False,,13
23/02/2018,37,14,2.0,296.0,1163.72,867.72,True,16,14
26/02/2018,37,14,2.0,296.0,0.0,-296.0,False,,12
28/02/2018,37,14,2.0,296.0,0.0,-296.0,False,,11
02/03/2018,37,14,2.0,296.0,0.0,-296.0,False,,12
05/03/2018,37,14,2.0,296.0,0.0,-296.0,False,,12
07/03/2018,37,14,2.0,296.0,0.0,-296.0,False,,12
09/03/2018,37,14,2.0,296.0,0.0,-296.0,False,,12
12/03/2018,37,14,2.0,296.0,0.0,-296.0,False,,12
14/03/2018,37,14,2.0,296.0,0.0,-296.0,False,,12
16/03/2018,37,14,2.0,296.0,0.0,-296.0,False,,12
19/03/2018,37,14,2.0,296.0,0.0,-296.0,False,,12
21/03/2018,37,14,2.0,296.0,0.0,-296.0,False,,12
23/03/2018,37,14,2.0,296.0,0.0,-296.0,False,,12
26/03/2018,37,14,2.0,296.0,0.0,-296.0,False,,12
28/03/2018,37,14,2.0,296.0,0.0,-296.0,False,,12
31/03/2018,37,14,2.0,296.0,0.0,-296.0,False,,12
02/04/2018,37,14,2.0,296.0,0.0,-296.0,False,,12
04/04/2018,37,14,2.0,296.0,0.0,-296.0,False,,11
06/04/2018,37,14,2.0,296.0,0.0,-296.0,False,,12
09/04/2018,37,14,2.0,296.0,0.0,-296.0,False,,11
11/04/2018,37,14,2.0,296.0,0.0,-296.0,False,,12
13/04/2018,37,14,2.0,296.0,0.0,-296.0,False,,12
16/04/2018,37,14,2.0,296.0,0.0,-296.0,False,,12
18/04/2018,37,14,2.0,296.0,0.0,-296.0,False,,12
20/04/2018,37,14,2.0,296.0,0.0,-296.0,False,,12
23/04/2018,37,14,2.0,296.0,0.0,-296.0,False,,12
25/04/2018,37,14,2.0,296.0,0.0,-296.0,False,,12
27/04/2018,37,14,2.0,296.0,0.0,-296.0,False,,12
30/04/2018,37,14,2.0,296.0,0.0,-296.0,False,,11
02/05/2018,37,14,2.0,296.0,0.0,-296.0,False,,12
04/05/2018,37,14,2.0,296.0,0.0,-296.0,False,,12
07/05/2018,37,14,2.0,296.0,0.0,-296.0,False,,12
09/05/2018,37,14,2.0,296.0,0.0,-296.0,False,,12
11/05/2018,37,14,2.0,296.0,0.0,-296.0,False,,12
14/05/2018,37,14,2.0,296.0,0.0,-296.0,False,,12
16/05/2018,37,14,2.0,296.0,0.0,-296.0,False,,11
18/05/2018,37,14,2.0,296.0,0.0,-296.0,False,,12
21/05/2018,37,14,2.0,296.0,0.0,-296.0,False,,13
23/05/2018,37,14,2.0,296.0,0.0,-296.0,False,,12
25/05/2018,37,14,2.0,296.0,0.0,-296.0,False,,12
28/05/2018,37,14,2.0,296.0,0.0,-296.0,False,,12
30/05/2018,37,14,2.0,296.0,0.0,-296.0,False,,12
01/06/2018,37,14,2.0,296.0,0.0,-296.0,False,,12
04/06/2018,37,14,2.0,296.0,0.0,-296.0,False,,13
06/06/2018,37,14,2.0,296.0,0.0,-296.0,False,,12
08/06/2018,37,14,2.0,296.0,0.0,-296.0,False,,12
11/06/2018,37,14,2.0,296.0,0.0,-296.0,False,,12
13/06/2018,37,14,2.0,296.0,0.0,-296.0,False,,12
15/06/2018,37,14,2.0,296.0,0.0,-296.0,False,,12
18/06/2018,37,14,2.0,296.0,0.0,-296.0,False,,12
20/06/2018,37,14,2.0,296.0,0.0,-296.0,False,,12
22/06/2018,37,14,2.0,296.0,0.0,-296.0,False,,12
25/06/2018,37,14,2.0,296.0,0.0,-296.0,False,,12
27/06/2018,37,14,2.0,296.0,0.0,-296.0,False,,12
29/06/2018,37,14,2.0,296.0,0.0,-296.0,False,,12
02/07/2018,37,14,2.0,296.0,0.0,-296.0,False,,12
04/07/2018,37,14,2.0,296.0,0.0,-296.0,False,,12
06/07/2018,37,14,2.0,296.0,0.0,-296.0,False,,12
09/07/2018,37,14,2.0,296.0,0.0,-296.0,False,,12
11/07/2018,37,14,2.0,296.0,0.0,-296.0,False,,12
13/07/2018,37,14,2.0,296.0,0.0,-296.0,False,,12
16/07/2018,37,14,2.0,296.0,0.0,-296.0,False,,12
18/07/2018,37,14,2.0,296.0,0.0,-296.0,False,,12
20/07/2018,37,14,2.0,296.0,0.0,-296.0,False,,12
23/07/2018,37,14,2.0,296.0,0.0,-296.0,False,,12
25/07/2018,37,14,2.0,296.0,0.0,-296.0,False,,13
27/07/2018,37,14,2.0,296.0,0.0,-296.0,False,,12
30/07/2018,37,14,2.0,296.0,0.0,-296.0,False,,12
01/08/2018,37,14,2.0,296.0,0.0,-296.0,False,,11
03/08/2018,37,14,2.0,296.0,0.0,-296.0,False,,12
06/08/2018,37,14,2.0,296.0,0.0,-296.0,False,,12
08/08/2018,37,14,2.0,296.0,0.0,-296.0,False,,11
10/08/2018,37,14,2.0,296.0,0.0,-296.0,False,,12
13/08/2018,37,14,2.0,296.0,0.0,-296.0,False,,12
15/08/2018,37,14,2.0,296.0,0.0,-296.0,False,,11
17/08/2018,37,14,2.0,296.0,0.0,-296.0,False,,12
20/08/2018,37,14,2.0,296.0,0.0,-296.0,False,,11
22/08/2018,37,14,2.0,296.0,0.0,-296.0,False,,12
24/08/2018,37,14,2.0,296.0,0.0,-296.0,False,,12
27/08/2018,37,14,2.0,296.0,0.0,-296.0,False,,12
08/09/2018,37,14,2.0,296.0,0.0,-296.0,False,,12
10/09/2018,37,14,2.0,296.0,0.0,-296.0,False,,12
12/09/2018,37,14,2.0,296.0,0.0,-296.0,False,,12
14/09/2018,37,14,2.0,296.0,0.0,-296.0,False,,12
17/09/2018,37,14,2.0,296.0,0.0,-296.0,False,,12
19/09/2018,37,14,2.0,296.0,0.0,-296.0,False,,12
21/09/2018,37,14,2.0,296.0,0.0,-296.0,False,,13
24/09/2018,37,14,2.0,296.0,0.0,-296.0,False,,13
26/09/2018,37,14,2.0,296.0,0.0,-296.0,False,,12
28/09/2018,37,14,2.0,296.0,0.0,-296.0,False,,12
01/10/2018,37,14,2.0,296.0,0.0,-296.0,False,,12
03/10/2018,37,14,2.0,296.0,0.0,-296.0,False,,13
05/10/2018,37,14,2.0,296.0,0.0,-296.0,False,,13
08/10/2018,37,14,2.0,296.0,0.0,-296.0,False,,12
10/10/2018,37,14,2.0,296.0,0.0,-296.0,False,,12
13/10/2018,37,14,2.0,296.0,0.0,-296.0,False,,12
15/10/2018,37,14,2.0,296.0,0.0,-296.0,False,,13
17/10/2018,37,14,2.0,296.0,0.0,-296.0,False,,12
19/10/2018,37,14,2.0,296.0,0.0,-296.0,False,,11
22/10/2018,37,14,2.0,296.0,0.0,-296.0,False,,12
24/10/2018,37,14,2.0,296.0,0.0,-296.0,False,,12
26/10/2018,37,14,2.0,296.0,0.0,-296.0,False,,12
29/10/2018,37,14,2.0,296.0,0.0,-296.0,False,,12
31/10/2018,37,14,2.0,296.0,0.0,-296.0,False,,13
03/11/2018,37,14,2.0,296.0,0.0,-296.0,False,,12
05/11/2018,37,14,2.0,296.0,0.0,-296.0,False,,11
07/11/2018,37,14,2.0,296.0,0.0,-296.0,False,,11
09/11/2018,37,14,2.0,296.0,0.0,-296.0,False,,12
12/11/2018,37,14,2.0,296.0,0.0,-296.0,False,,12
14/11/2018,37,14,2.0,296.0,0.0,-296.0,False,,11
16/11/2018,37,14,2.0,296.0,0.0,-296.0,False,,12
19/11/2018,37,14,2.0,296.0,0.0,-296.0,False,,12
21/11/2018,37,14,2.0,296.0,0.0,-296.0,False,,13
23/11/2018,37,14,2.0,296.0,0.0,-296.0,False,,13
26/11/2018,37,14,2.0,296.0,0.0,-296.0,False,,12
28/11/2018,37,14,2.0,296.0,0.0,-296.0,False,,11
30/11/2018,37,14,2.0,296.0,0.0,-296.0,False,,12
03/12/2018,37,14,2.0,296.0,0.0,-296.0,False,,12
05/12/2018,37,14,2.0,296.0,0.0,-296.0,False,,12
07/12/2018,37,14,2.0,296.0,0.0,-296.0,False,,12
10/12/2018,37,14,2.0,296.0,0.0,-296.0,False,,11
12/12/2018,37,14,2.0,296.0,0.0,-296.0,False,,12
14/12/2018,37,14,2.0,296.0,0.0,-296.0,False,,12
17/12/2018,37,14,2.0,296.0,0.0,-296.0,False,,12
19/12/2018,37,14,2.0,296.0,0.0,-296.0,False,,12
21/12/2018,37,14,2.0,296.0,0.0,-296.0,False,,12
24/12/2018,37,14,2.0,296.0,0.0,-296.0,False,,12
26/12/2018,37,14,2.0,296.0,0.0,-296.0,False,,12
28/12/2018,37,14,2.0,296.0,0.0,-296.0,False,,11
31/12/2018,37,14,2.0,296.0,0.0,-296.0,False,,12
02/01/2019,37,14,2.0,296.0,0.0,-296.0,False,,12
04/01/2019,37,14,2.0,296.0,0.0,-296.0,False,,12
07/01/2019,37,14,2.0,296.0,0.0,-296.0,False,,12
09/01/2019,37,14,2.0,296.0,0.0,-296.0,False,,12
11/01/2019,37,14,2.0,296.0,0.0,-296.0,False,,12
14/01/2019,37,14,2.0,296.0,0.0,-296.0,False,,12
16/01/2019,37,14,2.0,296.0,0.0,-296.0,False,,12
18/01/2019,37,14,2.0,296.0,0.0,-296.0,False,,13
21/01/2019,37,14,2.0,296.0,0.0,-296.0,False,,12
23/01/2019,37,14,2.0,296.0,0.0,-296.0,False,,12
25/01/2019,37,14,2.0,296.0,0.0,-296.0,False,,12
28/01/2019,37,14,2.0,296.0,0.0,-296.0,False,,12
30/01/2019,37,14,2.0,296.0,0.0,-296.0,False,,13
01/02/2019,37,14,2.0,296.0,0.0,-296.0,False,,12
04/02/2019,37,14,2.0,296.0,0.0,-296.0,False,,12
06/02/2019,37,14,2.0,296.0,0.0,-296.0,False,,13
08/02/2019,37,14,2.0,296.0,0.0,-296.0,False,,13
11/02/2019,37,14,2.0,296.0,0.0,-296.0,False,,12
13/02/2019,37,14,2.0,296.0,0.0,-296.0,False,,12
15/02/2019,37,14,2.0,296.0,0.0,-296.0,False,,12
18/02/2019,37,14,2.0,296.0,0.0,-296.0,False,,12
20/02/2019,37,14,2.0,296.0,0.0,-296.0,False,,12
22/02/2019,37,14,2.0,296.0,0.0,-296.0,False,,12
25/02/2019,37,14,2.0,296.0,0.0,-296.0,False,,12
27/02/2019,37,14,2.0,296.0,0.0,-296.0,False,,11
01/03/2019,37,14,2.0,296.0,0.0,-296.0,False,,12
06/03/2019,37,14,2.0,296.0,0.0,-296.0,False,,12
08/03/2019,37,14,2.0,296.0,0.0,-296.0,False,,12
11/03/2019,37,14,2.0,296.0,0.0,-296.0,False,,12
13/03/2019,37,14,2.0,296.0,0.0,-296.0,False,,12
15/03/2019,37,14,2.0,296.0,0.0,-296.0,False,,12
18/03/2019,37,14,2.0,296.0,0.0,-296.0,False,,13
20/03/2019,37,14,2.0,296.0,0.0,-296.0,False,,13
22/03/2019,37,14,2.0,296.0,0.0,-296.0,False,,13
25/03/2019,37,14,2.0,296.0,0.0,-296.0,False,,12
27/03/2019,37,14,2.0,296.0,0.0,-296.0,False,,12
29/03/2019,37,14,2.0,296.0,0.0,-296.0,False,,12
01/04/2019,37,14,2.0,296.0,0.0,-296.0,False,,12
03/04/2019,37,14,2.0,296.0,0.0,-296.0,False,,12
05/04/2019,37,14,2.0,296.0,0.0,-296.0,False,,11
08/04/2019,37,14,2.0,296.0,0.0,-296.0,False,,12
10/04/2019,37,14,2.0,296.0,0.0,-296.0,False,,12
12/04/2019,37,14,2.0,296.0,0.0,-296.0,False,,11
15/04/2019,37,14,2.0,296.0,0.0,-296.0,False,,11
17/04/2019,37,14,2.0,296.0,0.0,-296.0,False,,12
20/04/2019,37,14,2.0,296.0,0.0,-296.0,False,,11
22/04/2019,37,14,2.0,296.0,0.0,-296.0,False,,11
24/04/2019,37,14,2.0,296.0,0.0,-296.0,False,,13
26/04/2019,37,14,2.0,296.0,0.0,-296.0,False,,13
29/04/2019,37,14,2.0,296.0,0.0,-296.0,False,,12
02/05/2019,37,14,2.0,296.0,0.0,-296.0,False,,11
03/05/2019,37,14,2.0,296.0,0.0,-296.0,False,,12
06/05/2019,37,14,2.0,296.0,0.0,-296.0,False,,12
08/05/2019,37,14,2.0,296.0,0.0,-296.0,False,,13
10/05/2019,37,14,2.0,296.0,0.0,-296.0,False,,12
13/05/2019,37,14,2.0,296.0,0.0,-296.0,False,,12
15/05/2019,37,14,2.0,296.0,0.0,-296.0,False,,12
17/05/2019,37,14,2.0,296.0,0.0,-296.0,False,,12
20/05/2019,37,14,2.0,296.0,0.0,-296.0,False,,12
22/05/2019,37,14,2.0,296.0,0.0,-296.0,False,,11
24/05/2019,37,14,2.0,296.0,0.0,-296.0,False,,12
27/05/2019,37,14,2.0,296.0,0.0,-296.0,False,,12
29/05/2019,37,14,2.0,296.0,0.0,-296.0,False,,12
31/05/2019,37,14,2.0,296.0,0.0,-296.0,False,,12
03/06/2019,37,14,2.0,296.0,0.0,-296.0,False,,12
05/06/2019,37,14,2.0,296.0,0.0,-296.0,False,,12
07/06/2019,37,14,2.0,296.0,0.0,-296.0,False,,12
10/06/2019,37,14,2.0,296.0,0.0,-296.0,False,,12
12/06/2019,37,14,2.0,296.0,0.0,-296.0,False,,12
14/06/2019,37,14,2.0,296.0,0.0,-296.0,False,,12
17/06/2019,37,14,2.0,296.0,0.0,-296.0,False,,12
19/06/2019,37,14,2.0,296.0,0.0,-296.0,False,,12
21/06/2019,37,14,2.0,296.0,0.0,-296.0,False,,12
24/06/2019,37,14,2.0,296.0,0.0,-296.0,False,,12
26/06/2019,37,14,2.0,296.0,0.0,-296.0,False,,12
28/06/2019,37,14,2.0,296.0,0.0,-296.0,False,,12
01/07/2019,37,14,2.0,296.0,0.0,-296.0,False,,12
03/07/2019,37,14,2.0,296.0,0.0,-296.0,False,,12
05/07/2019,37,14,2.0,296.0,0.0,-296.0,False,,12
08/07/2019,37,14,2.0,296.0,0.0,-296.0,False,,12
10/07/2019,37,14,2.0,296.0,0.0,-296.0,False,,12
12/07/2019,37,14,2.0,296.0,0.0,-296.0,False,,12
15/07/2019,37,14,2.0,296.0,0.0,-296.0,False,,12
17/07/2019,37,14,2.0,296.0,0.0,-296.0,False,,12
19/07/2019,37,14,2.0,296.0,0.0,-296.0,False,,12
22/07/2019,37,14,2.0,296.0,0.0,-296.0,False,,12
24/07/2019,37,14,2.0,296.0,0.0,-296.0,False,,12
26/07/2019,37,14,2.0,296.0,0.0,-296.0,False,,13
29/07/2019,37,14,2.0,296.0,0.0,-296.0,False,,12
31/07/2019,37,14,2.0,296.0,0.0,-296.0,False,,12
02/08/2019,37,14,2.0,296.0,0.0,-296.0,False,,12
05/08/2019,37,14,2.0,296.0,0.0,-296.0,False,,12
07/08/2019,37,14,2.0,296.0,0.0,-296.0,False,,12
09/08/2019,37,14,2.0,296.0,0.0,-296.0,False,,12
12/08/2019,37,14,2.0,296.0,0.0,-296.0,False,,12
14/08/2019,37,14,2.0,298.0,0.0,-298.0,False,,12
16/08/2019,37,14,2.0,300.0,0.0,-300.0,False,,12
19/08/2019,37,14,2.0,302.0,0.0,-302.0,False,,12
21/08/2019,37,14,2.0,304.0,0.0,-304.0,False,,12
23/08/2019,37,14,2.0,306.0,0.0,-306.0,False,,12
26/08/2019,37,14,2.0,308.0,0.0,-308.0,False,,12
28/08/2019,37,14,2.0,310.0,0.0,-310.0,False,,12
30/08/2019,37,14,2.0,312.0,0.0,-312.0,False,,12
06/09/2019,37,14,2.0,314.0,0.0,-314.0,False,,12
09/09/2019,37,14,2.0,316.0,0.0,-316.0,False,,13
11/09/2019,37,14,2.0,318.0,0.0,-318.0,False,,13
13/09/2019,37,14,2.0,320.0,0.0,-320.0,False,,13
16/09/2019,37,14,2.0,322.0,0.0,-322.0,False,,12
18/09/2019,37,14,2.0,324.0,0.0,-324.0,False,,12
20/09/2019,37,14,2.0,326.0,0.0,-326.0,False,,12
23/09/2019,37,14,2.0,328.0,0.0,-328.0,False,,13
25/09/2019,37,14,2.0,330.0,0.0,-330.0,False,,12
27/09/2019,37,14,2.0,332.0,0.0,-332.0,False,,12
30/09/2019,37,14,2.0,334.0,0.0,-334.0,False,,12
02/10/2019,37,14,2.0,336.0,0.0,-336.0,False,,12
04/10/2019,37,14,2.0,338.0,0.0,-338.0,False,,12
07/10/2019,37,14,2.0,340.0,0.0,-340.0,False,,12
09/10/2019,37,14,2.0,342.0,0.0,-342.0,False,,12
11/10/2019,37,14,2.0,344.0,0.0,-344.0,False,,12
14/10/2019,37,14,2.0,346.0,0.0,-346.0,False,,12
16/10/2019,37,14,2.0,348.0,0.0,-348.0,False,,12
18/10/2019,37,14,2.0,350.0,0.0,-350.0,False,,12
21/10/2019,37,14,2.0,352.0,0.0,-352.0,False,,12
23/10/2019,37,14,2.0,354.0,0.0,-354.0,False,,12
25/10/2019,37,14,2.0,356.0,0.0,-356.0,False,,12
28/10/2019,37,14,2.0,358.0,0.0,-358.0,False,,12
30/10/2019,37,14,2.0,360.0,0.0,-360.0,False,,12
01/11/2019,37,14,2.0,362.0,0.0,-362.0,False,,12
04/11/2019,37,14,2.0,364.0,0.0,-364.0,False,,12
06/11/2019,37,14,2.0,366.0,0.0,-366.0,False,,12
09/11/2019,37,14,2.0,368.0,0.0,-368.0,False,,12
11/11/2019,37,14,2.5,370.0,0.0,-370.0,False,,13
13/11/2019,37,14,2.5,370.0,0.0,-370.0,False,,12
16/11/2019,37,14,2.5,370.0,0.0,-370.0,False,,12
18/11/2019,37,14,2.5,370.0,0.0,-370.0,False,,12
21/11/2019,37,14,2.5,370.0,0.0,-370.0,False,,12
22/11/2019,37,14,2.5,370.0,0.0,-370.0,False,,12
25/11/2019,37,14,2.5,370.0,0.0,-370.0,False,,12
27/11/2019,37,14,2.5,370.0,0.0,-370.0,False,,12
29/11/2019,37,14,2.5,370.0,0.0,-370.0,False,,12
02/12/2019,37,14,2.5,370.0,0.0,-370.0,False,,12
04/12/2019,37,14,2.5,370.0,0.0,-370.0,False,,12
06/12/2019,37,14,2.5,370.0,0.0,-370.0,False,,12
09/12/2019,37,14,2.5,370.0,0.0,-370.0,False,,12
11/12/2019,37,14,2.5,370.0,0.0,-370.0,False,,12
13/12/2019,37,14,2.5,370.0,0.0,-370.0,False,,12
16/12/2019,37,14,2.5,370.0,0.0,-370.0,False,,12
18/12/2019,37,14,2.5,370.0,0.0,-370.0,False,,12
20/12/2019,37,14,2.5,370.0,0.0,-370.0,False,,13
23/12/2019,37,14,2.5,370.0,0.0,-370.0,False,,12
26/12/2019,37,14,2.5,370.0,0.0,-370.0,False,,12
28/12/2019,37,14,2.5,370.0,0.0,-370.0,False,,12
30/12/2019,37,14,2.5,370.0,0.0,-370.0,False,,12
03/01/2020,37,14,2.5,370.0,0.0,-370.0,False,,12
06/01/2020,37,14,2.5,370.0,0.0,-370.0,False,,12
08/01/2020,37,14,2.5,370.0,0.0,-370.0,False,,12
10/01/2020,37,14,2.5,370.0,0.0,-370.0,False,,12
13/01/2020,37,14,2.5,370.0,0.0,-370.0,False,,13
15/01/2020,37,14,2.5,370.0,0.0,-370.0,False,,13
17/01/2020,37,14,2.5,370.0,0.0,-370.0,False,,13
20/01/2020,37,14,2.5,370.0,0.0,-370.0,False,,12
22/01/2020,37,14,2.5,370.0,0.0,-370.0,False,,12
24/01/2020,37,14,2.5,370.0,0.0,-370.0,False,,12
27/01/2020,37,14,2.5,370.0,0.0,-370.0,False,,13
29/01/2020,37,14,2.5,370.0,0.0,-370.0,False,,12
31/01/2020,37,14,2.5,370.0,0.0,-370.0,False,,12
03/02/2020,37,14,2.5,370.0,0.0,-370.0,False,,12
05/02/2020,37,14,2.5,370.0,0.0,-370.0,False,,12
07/02/2020,37,14,2.5,370.0,0.0,-370.0,False,,12
10/02/2020,37,14,2.5,370.0,0.0,-370.0,False,,13
12/02/2020,37,14,2.5,370.0,1749.49,1379.49,True,21,14
14/02/2020,37,14,2.5,370.0,0.0,-370.0,False,,12
17/02/2020,37,14,2.5,370.0,0.0,-370.0,False,,12
19/02/2020,37,14,2.5,370.0,0.0,-370.0,False,,12
21/02/2020,37,14,2.5,370.0,0.0,-370.0,False,,12
26/02/2020,37,14,2.5,370.0,0.0,-370.0,False,,12
28/02/2020,37,14,2.5,370.0,0.0,-370.0,False,,13
02/03/2020,37,14,2.5,370.0,0.0,-370.0,False,,12
04/03/2020,37,14,2.5,370.0,0.0,-370.0,False,,12
06/03/2020,37,14,2.5,370.0,0.0,-370.0,False,,12
09/03/2020,37,14,2.5,370.0,0.0,-370.0,False,,13
11/03/2020,37,14,2.5,370.0,0.0,-370.0,False,,12
13/03/2020,37,14,2.5,370.0,0.0,-370.0,False,,12
16/03/2020,37,14,2.5,370.0,0.0,-370.0,False,,12
18/03/2020,37,14,2.5,370.0,0.0,-370.0,False,,12
20/03/2020,37,14,2.5,370.0,0.0,-370.0,False,,12
23/03/2020,37,14,2.5,370.0,0.0,-370.0,False,,12
25/03/2020,37,14,2.5,370.0,0.0,-370.0,False,,12
27/03/2020,37,14,2.5,370.0,0.0,-370.0,False,,12
30/03/2020,37,14,2.5,370.0,0.0,-370.0,False,,11
01/04/2020,37,14,2.5,370.0,0.0,-370.0,False,,12
03/04/2020,37,14,2.5,370.0,0.0,-370.0,False,,12
06/04/2020,37,14,2.5,370.0,0.0,-370.0,False,,12
08/04/2020,37,14,2.5,370.0,0.0,-370.0,False,,12
11/04/2020,37,14,2.5,370.0,0.0,-370.0,False,,12
13/04/2020,37,14,2.5,370.0,0.0,-370.0,False,,11
15/04/2020,37,14,2.5,370.0,0.0,-370.0,False,,11
17/04/2020,37,14,2.5,370.0,0.0,-370.0,False,,11
20/04/2020,37,14,2.5,370.0,0.0,-370.0,False,,11
22/04/2020,37,14,2.5,370.0,0.0,-370.0,False,,12
24/04/2020,37,14,2.5,370.0,0.0,-370.0,False,,11
27/04/2020,37,14,2.5,370.0,0.0,-370.0,False,,12
29/04/2020,37,14,2.5,370.0,0.0,-370.0,False,,12
02/05/2020,37,14,2.5,370.0,0.0,-370.0,False,,11
04/05/2020,37,14,2.5,370.0,0.0,-370.0,False,,12
06/05/2020,37,14,2.5,370.0,0.0,-370.0,False,,12
08/05/2020,37,14,2.5,370.0,0.0,-370.0,False,,12
11/05/2020,37,14,2.5,370.0,0.0,-370.0,False,,12
13/05/2020,37,14,2.5,370.0,0.0,-370.0,False,,13
15/05/2020,37,14,2.5,370.0,0.0,-370.0,False,,12
18/05/2020,37,14,2.5,370.0,0.0,-370.0,False,,13
20/05/2020,37,14,2.5,370.0,0.0,-370.0,False,,13
22/05/2020,37,14,2.5,370.0,0.0,-370.0,False,,12
25/05/2020,37,14,2.5,370.0,0.0,-370.0,False,,13
28/05/2020,37,14,2.5,370.0,0.0,-370.0,False,,12
29/05/2020,37,14,2.5,370.0,0.0,-370.0,False,,12
01/06/2020,37,14,2.5,370.0,0.0,-370.0,False,,12
03/06/2020,37,14,2.5,370.0,0.0,-370.0,False,,12
05/06/2020,37,14,2.5,370.0,0.0,-370.0,False,,12
08/06/2020,37,14,2.5,370.0,0.0,-370.0,False,,12
10/06/2020,37,14,2.5,370.0,0.0,-370.0,False,,12
12/06/2020,37,14,2.5,370.0,0.0,-370.0,False,,12
15/06/2020,37,14,2.5,370.0,0.0,-370.0,False,,13
17/06/2020,37,14,2.5,370.0,0.0,-370.0,False,,12
19/06/2020,37,14,2.5,370.0,0.0,-370.0,False,,12
22/06/2020,37,14,2.5,370.0,0.0,-370.0,False,,11
24/06/2020,37,14,2.5,370.0,0.0,-370.0,False,,12
26/06/2020,37,14,2.5,370.0,0.0,-370.0,False,,11
29/06/2020,37,14,2.5,370.0,0.0,-370.0,False,,11
01/07/2020,37,14,2.5,370.0,0.0,-370.0,False,,11
03/07/2020,37,14,2.5,370.0,0.0,-370.0,False,,12
06/07/2020,37,14,2.5,370.0,0.0,-370.0,False,,12
08/07/2020,37,14,2.5,370.0,0.0,-370.0,False,,12
10/07/2020,37,14,2.5,370.0,0.0,-370.0,False,,12
13/07/2020,37,14,2.5,370.0,0.0,-370.0,False,,12
15/07/2020,37,14,2.5,370.0,0.0,-370.0,False,,12
17/07/2020,37,14,2.5,370.0,0.0,-370.0,False,,13
20/07/2020,37,14,2.5,370.0,0.0,-370.0,False,,12
22/07/2020,37,14,2.5,370.0,0.0,-370.0,False,,12
24/07/2020,37,14,2.5,370.0,0.0,-370.0,False,,12
27/07/2020,37,14,2.5,370.0,0.0,-370.0,False,,12
29/07/2020,37,14,2.5,370.0,0.0,-370.0,False,,12
31/07/2020,37,14,2.5,370.0,0.0,-370.0,False,,13
03/08/2020,37,14,2.5,370.0,0.0,-370.0,False,,13
04/08/2020,37,14,2.5,370.0,0.0,-370.0,False,,12
05/08/2020,37,14,2.5,370.0,0.0,-370.0,False,,12
06/08/2020,37,14,2.5,370.0,0.0,-370.0,False,,13
07/08/2020,37,14,2.5,370.0,0.0,-370.0,False,,13
08/08/2020,37,14,2.5,370.0,0.0,-370.0,False,,12
10/08/2020,37,14,2.5,370.0,0.0,-370.0,False,,12
11/08/2020,37,14,2.5,370.0,0.0,-370.0,False,,12
12/08/2020,37,14,2.5,370.0,0.0,-370.0,False,,13
13/08/2020,37,14,2.5,370.0,0.0,-370.0,False,,12
14/08/2020,37,14,2.5,370.0,0.0,-370.0,False,,12
15/08/2020,37,14,2.5,370.0,0.0,-370.0,False,,12
17/08/2020,37,14,2.5,370.0,0.0,-370.0,False,,12
18/08/2020,37,14,2.5,370.0,0.0,-370.0,False,,12
19/08/2020,37,14,2.5,370.0,0.0,-370.0,False,,12
20/08/2020,37,14,2.5,370.0,0.0,-370.0,False,,12
21/08/2020,37,14,2.5,370.0,0.0,-370.0,False,,12
22/08/2020,37,14,2.5,370.0,0.0,-370.0,False,,12
24/08/2020,37,14,2.5,370.0,0.0,-370.0,False,,12
25/08/2020,37,14,2.5,370.0,0.0,-370.0,False,,12
26/08/2020,37,14,2.5,370.0,0.0,-370.0,False,,12
27/08/2020,37,14,2.5,370.0,0.0,-370.0,False,,12
28/08/2020,37,14,2.5,370.0,0.0,-370.0,False,,12
29/08/2020,37,14,2.5,370.0,0.0,-370.0,False,,12
31/08/2020,37,14,2.5,370.0,0.0,-370.0,False,,12
01/09/2020,37,14,2.5,370.0,0.0,-370.0,False,,12
02/09/2020,37,14,2.5,370.0,0.0,-370.0,False,,12
03/09/2020,37,14,2.5,370.0,0.0,-370.0,False,,12
04/09/2020,37,14,2.5,370.0,0.0,-370.0,False,,12
12/09/2020,37,14,2.5,370.0,0.0,-370.0,False,,12
14/09/2020,37,14,2.5,370.0,0.0,-370.0,False,,12
15/09/2020,37,14,2.5,370.0,0.0,-370.0,False,,12
16/09/2020,37,14,2.5,370.0,0.0,-370.0,False,,12
17/09/2020,37,14,2.5,370.0,0.0,-370.0,False,,12
18/09/2020,37,14,2.5,370.0,0.0,-370.0,False,,12
19/09/2020,37,14,2.5,370.0,0.0,-370.0,False,,12
21/09/2020,37,14,2.5,370.0,0.0,-370.0,False,,12
22/09/2020,37,14,2.5,370.0,0.0,-370.0,False,,12
23/09/2020,37,14,2.5,370.0,0.0,-370.0,False,,12
24/09/2020,37,14,2.5,370.0,0.0,-370.0,False,,12
25/09/2020,37,14,2.5,370.0,0.0,-370.0,False,,12
26/09/2020,37,14,2.5,370.0,0.0,-370.0,False,,12
28/09/2020,37,14,2.5,370.0,0.0,-370.0,False,,12
29/09/2020,37,14,2.5,370.0,0.0,-370.0,False,,12
30/09/2020,37,14,2.5,370.0,0.0,-370.0,False,,12
01/10/2020,37,14,2.5,370.0,0.0,-370.0,False,,13
02/10/2020,37,14,2.5,370.0,0.0,-370.0,False,,12
03/10/2020,37,14,2.5,370.0,0.0,-370.0,False,,13
05/10/2020,37,14,2.5,370.0,0.0,-370.0,False,,12
06/10/2020,37,14,2.5,370.0,0.0,-370.0,False,,12
07/10/2020,37,14,2.5,370.0,0.0,-370.0,False,,12
08/10/2020,37,14,2.5,370.0,0.0,-370.0,False,,13
09/10/2020,37,14,2.5,370.0,0.0,-370.0,False,,12
10/10/2020,37,14,2.5,370.0,0.0,-370.0,False,,12
13/10/2020,37,14,2.5,370.0,0.0,-370.0,False,,12
14/10/2020,37,14,2.5,370.0,0.0,-370.0,False,,12
15/10/2020,37,14,2.5,370.0,0.0,-370.0,False,,12
16/10/2020,37,14,2.5,370.0,0.0,-370.0,False,,12
17/10/2020,37,14,2.5,370.0,0.0,-370.0,False,,13
19/10/2020,37,14,2.5,370.0,0.0,-370.0,False,,12
20/10/2020,37,14,2.5,370.0,0.0,-370.0,False,,12
21/10/2020,37,14,2.5,370.0,0.0,-370.0,False,,12
22/10/2020,37,14,2.5,370.0,0.0,-370.0,False,,12
23/10/2020,37,14,2.5,370.0,0.0,-370.0,False,,12
24/10/2020,37,14,2.5,370.0,0.0,-370.0,False,,12
26/10/2020,37,14,2.5,370.0,0.0,-370.0,False,,12
27/10/2020,37,14,2.5,370.0,0.0,-370.0,False,,13
28/10/2020,37,14,2.5,370.0,0.0,-370.0,False,,11
29/10/2020,37,14,2.5,370.0,0.0,-370.0,False,,11
30/10/2020,37,14,2.5,370.0,0.0,-370.0,False,,12
31/10/2020,37,14,2.5,370.0,0.0,-370.0,False,,12
03/11/2020,37,14,2.5,370.0,0.0,-370.0,False,,12
04/11/2020,37,14,2.5,370.0,0.0,-370.0,False,,12
05/11/2020,37,14,2.5,370.0,0.0,-370.0,False,,13
06/11/2020,37,14,2.5,370.0,0.0,-370.0,False,,12
07/11/2020,37,14,2.5,370.0,0.0,-370.0,False,,12
09/11/2020,37,14,2.5,370.0,0.0,-370.0,False,,11
10/11/2020,37,14,2.5,370.0,0.0,-370.0,False,,12
11/11/2020,37,14,2.5,370.0,0.0,-370.0,False,,12
12/11/2020,37,14,2.5,370.0,0.0,-370.0,False,,11
13/11/2020,37,14,2.5,370.0,0.0,-370.0,False,,12
14/11/2020,37,14,2.5,370.0,0.0,-370.0,False,,12
16/11/2020,37,14,2.5,370.0,0.0,-370.0,False,,12
17/11/2020,37,14,2.5,370.0,0.0,-370.0,False,,12
18/11/2020,37,14,2.5,370.0,0.0,-370.0,False,,12
19/11/2020,37,14,2.5,370.0,0.0,-370.0,False,,12
20/11/2020,37,14,2.5,370.0,0.0,-370.0,False,,12
21/11/2020,37,14,2.5,370.0,0.0,-370.0,False,,12
23/11/2020,37,14,2.5,370.0,0.0,-370.0,False,,11
24/11/2020,37,14,2.5,370.0,0.0,-370.0,False,,12
25/11/2020,37,14,2.5,370.0,0.0,-370.0,False,,11
26/11/2020,37,14,2.5,370.0,0.0,-370.0,False,,12
27/11/2020,37,14,2.5,370.0,0.0,-370.0,False,,12
28/11/2020,37,14,2.5,370.0,0.0,-370.0,False,,12
30/11/2020,37,14,2.5,370.0,0.0,-370.0,False,,13
01/12/2020,37,14,2.5,370.0,0.0,-370.0,False,,12
02/12/2020,37,14,2.5,370.0,0.0,-370.0,False,,12
03/12/2020,37,14,2.5,370.0,0.0,-370.0,False,,12
04/12/2020,37,14,2.5,370.0,0.0,-370.0,False,,12
05/12/2020,37,14,2.5,370.0,0.0,-370.0,False,,12
07/12/2020,37,14,2.5,370.0,0.0,-370.0,False,,12
08/12/2020,37,14,2.5,370.0,0.0,-370.0,False,,12
09/12/2020,37,14,2.5,370.0,0.0,-370.0,False,,12
10/12/2020,37,14,2.5,370.0,0.0,-370.0,False,,12
11/12/2020,37,14,2.5,370.0,0.0,-370.0,False,,12
12/12/2020,37,14,2.5,370.0,0.0,-370.0,False,,11
14/12/2020,37,14,2.5,370.0,0.0,-370.0,False,,13
15/12/2020,37,14,2.5,370.0,0.0,-370.0,False,,13
16/12/2020,37,14,2.5,370.0,0.0,-370.0,False,,12
17/12/2020,37,14,2.5,370.0,0.0,-370.0,False,,12
18/12/2020,37,14,2.5,370.0,0.0,-370.0,False,,12
19/12/2020,37,14,2.5,370.0,0.0,-370.0,False,,13
21/12/2020,37,14,2.5,370.0,0.0,-370.0,False,,12
22/12/2020,37,14,2.5,370.0,0.0,-370.0,False,,12
23/12/2020,37,14,2.5,370.0,0.0,-370.0,False,,12
24/12/2020,37,14,2.5,370.0,0.0,-370.0,False,,12
26/12/2020,37,14,2.5,370.0,0.0,-370.0,False,,12
28/12/2020,37,14,2.5,370.0,0.0,-370.0,False,,12
29/12/2020,37,14,2.5,370.0,0.0,-370.0,False,,12
30/12/2020,37,14,2.5,370.0,0.0,-370.0,False,,12
31/12/2020,37,14,2.5,370.0,0.0,-370.0,False,,12
02/01/2021,37,14,2.5,370.0,0.0,-370.0,False,,12
04/01/2021,37,14,2.5,370.0,0.0,-370.0,False,,11
05/01/2021,37,14,2.5,370.0,0.0,-370.0,False,,12
06/01/2021,37,14,2.5,370.0,0.0,-370.0,False,,12
07/01/2021,37,14,2.5,370.0,0.0,-370.0,False,,12
08/01/2021,37,14,2.5,370.0,0.0,-370.0,False,,12
09/01/2021,37,14,2.5,370.0,0.0,-370.0,False,,12
11/01/2021,37,14,2.5,370.0,0.0,-370.0,False,,12
12/01/2021,37,14,2.5,370.0,0.0,-370.0,False,,13
13/01/2021,37,14,2.5,370.0,0.0,-370.0,False,,11
14/01/2021,37,14,2.5,370.0,0.0,-370.0,False,,12
15/01/2021,37,14,2.5,370.0,0.0,-370.0,False,,12
16/01/2021,37,14,2.5,370.0,0.0,-370.0,False,,12
18/01/2021,37,14,2.5,370.0,0.0,-370.0,False,,12
19/01/2021,37,14,2.5,370.0,0.0,-370.0,False,,12
20/01/2021,37,14,2.5,370.0,0.0,-370.0,False,,12
21/01/2021,37,14,2.5,370.0,0.0,-370.0,False,,13
22/01/2021,37,14,2.5,370.0,0.0,-370.0,False,,12
23/01/2021,37,14,2.5,370.0,0.0,-370.0,False,,12
25/01/2021,37,14,2.5,370.0,0.0,-370.0,False,,12
26/01/2021,37,14,2.5,370.0,0.0,-370.0,False,,12
27/01/2021,37,14,2.5,370.0,0.0,-370.0,False,,12
28/01/2021,37,14,2.5,370.0,0.0,-370.0,False,,12
29/01/2021,37,14,2.5,370.0,0.0,-370.0,False,,12
30/01/2021,37,14,2.5,370.0,0.0,-370.0,False,,13
01/02/2021,37,14,2.5,370.0,0.0,-370.0,False,,13
02/02/2021,37,14,2.5,370.0,0.0,-370.0,False,,12
03/02/2021,37,14,2.5,370.0,0.0,-370.0,False,,12
04/02/2021,37,14,2.5,370.0,0.0,-370.0,False,,12
05/02/2021,37,14,2.5,370.0,0.0,-370.0,False,,12
06/02/2021,37,14,2.5,370.0,0.0,-370.0,False,,12
08/02/2021,37,14,2.5,370.0,0.0,-370.0,False,,12
09/02/2021,37,14,2.5,370.0,0.0,-370.0,False,,12
10/02/2021,37,14,2.5,370.0,0.0,-370.0,False,,13
11/02/2021,37,14,2.5,370.0,0.0,-370.0,False,,12
12/02/2021,37,14,2.5,370.0,0.0,-370.0,False,,12
13/02/2021,37,14,2.5,370.0,0.0,-370.0,False,,12
17/02/2021,37,14,2.5,370.0,0.0,-370.0,False,,12
18/02/2021,37,14,2.5,370.0,0.0,-370.0,False,,12
19/02/2021,37,14,2.5,370.0,0.0,-370.0,False,,12
20/02/2021,37,14,2.5,370.0,0.0,-370.0,False,,13
22/02/2021,37,14,2.5,370.0,0.0,-370.0,False,,12
23/02/2021,37,14,2.5,370.0,0.0,-370.0,False,,13
24/02/2021,37,14,2.5,370.0,0.0,-370.0,False,,13
25/02/2021,37,14,2.5,370.0,0.0,-370.0,False,,12
26/02/2021,37,14,2.5,370.0,0.0,-370.0,False,,12
27/02/2021,37,14,2.5,370.0,0.0,-370.0,False,,12
01/03/2021,37,14,2.5,370.0,0.0,-370.0,False,,12
02/03/2021,37,14,2.5,370.0,0.0,-370.0,False,,12
03/03/2021,37,14,2.5,370.0,0.0,-370.0,False,,12
04/03/2021,37,14,2.5,370.0,0.0,-370.0,False,,12
05/03/2021,37,14,2.5,370.0,0.0,-370.0,False,,12
06/03/2021,37,14,2.5,370.0,0.0,-370.0,False,,13
08/03/2021,37,14,2.5,370.0,0.0,-370.0,False,,12
09/03/2021,37,14,2.5,370.0,0.0,-370.0,False,,12
10/03/2021,37,14,2.5,370.0,0.0,-370.0,False,,13
11/03/2021,37,14,2.5,370.0,0.0,-370.0,False,,13
12/03/2021,37,14,2.5,370.0,0.0,-370.0,False,,13
13/03/2021,37,14,2.5,370.0,0.0,-370.0,False,,13
15/03/2021,37,14,2.5,370.0,0.0,-370.0,False,,12
16/03/2021,37,14,2.5,370.0,0.0,-370.0,False,,13
17/03/2021,37,14,2.5,370.0,0.0,-370.0,False,,13
18/03/2021,37,14,2.5,370.0,0.0,-370.0,False,,11
19/03/2021,37,14,2.5,370.0,0.0,-370.0,False,,12
20/03/2021,37,14,2.5,370.0,0.0,-370.0,False,,13
22/03/2021,37,14,2.5,370.0,0.0,-370.0,False,,13
23/03/2021,37,14,2.5,370.0,0.0,-370.0,False,,13
24/03/2021,37,14,2.5,370.0,0.0,-370.0,False,,12
25/03/2021,37,14,2.5,370.0,0.0,-370.0,False,,13
26/03/2021,37,14,2.5,370.0,0.0,-370.0,False,,13
27/03/2021,37,14,2.5,370.0,0.0,-370.0,False,,13
29/03/2021,37,14,2.5,370.0,0.0,-370.0,False,,13
30/03/2021,37,14,2.5,370.0,0.0,-370.0,False,,12
31/03/2021,37,14,2.5,370.0,0.0,-370.0,False,,12
01/04/2021,37,14,2.5,370.0,0.0,-370.0,False,,13
03/04/2021,37,14,2.5,370.0,0.0,-370.0,False,,13
05/04/2021,37,14,2.5,370.0,0.0,-370.0,False,,12
06/04/2021,37,14,2.5,370.0,0.0,-370.0,False,,13
07/04/2021,37,14,2.5,370.0,0.0,-370.0,False,,12
08/04/2021,37,14,2.5,370.0,0.0,-370.0,False,,12
09/04/2021,37,14,2.5,370.0,0.0,-370.0,False,,12
10/04/2021,37,14,2.5,370.0,0.0,-370.0,False,,12
12/04/2021,37,14,2.5,370.0,0.0,-370.0,False,,12
13/04/2021,37,14,2.5,370.0,0.0,-370.0,False,,12
14/04/2021,37,14,2.5,370.0,0.0,-370.0,False,,12
15/04/2021,37,14,2.5,370.0,0.0,-370.0,False,,11
16/04/2021,37,14,2.5,370.0,0.0,-370.0,False,,11
17/04/2021,37,14,2.5,370.0,0.0,-370.0,False,,11
19/04/2021,37,14,2.5,370.0,0.0,-370.0,False,,12
20/04/2021,37,14,2.5,370.0,0.0,-370.0,False,,11
22/04/2021,37,14,2.5,370.0,0.0,-370.0,False,,12
23/04/2021,37,14,2.5,370.0,0.0,-370.0,False,,12
24/04/2021,37,14,2.5,370.0,0.0,-370.0,False,,11
26/04/2021,37,14,2.5,370.0,0.0,-370.0,False,,12
27/04/2021,37,14,2.5,370.0,0.0,-370.0,False,,12
28/04/2021,37,14,2.5,370.0,0.0,-370.0,False,,12
29/04/2021,37,14,2.5,370.0,0.0,-370.0,False,,12
30/04/2021,37,14,2.5,370.0,0.0,-370.0,False,,13
03/05/2021,37,14,2.5,370.0,0.0,-370.0,False,,12
04/05/2021,37,14,2.5,370.0,0.0,-370.0,False,,12
05/05/2021,37,14,2.5,370.0,0.0,-370.0,False,,12
06/05/2021,37,14,2.5,370.0,0.0,-370.0,False,,12
07/05/2021,37,14,2.5,370.0,0.0,-370.0,False,,12
08/05/2021,37,14,2.5,370.0,0.0,-370.0,False,,12
10/05/2021,37,14,2.5,370.0,0.0,-370.0,False,,12
11/05/2021,37,14,2.5,370.0,0.0,-370.0,False,,12
12/05/2021,37,14,2.5,370.0,0.0,-370.0,False,,12
13/05/2021,37,14,2.5,370.0,0.0,-370.0,False,,11
14/05/2021,37,14,2.5,370.0,0.0,-370.0,False,,12
15/05/2021,37,14,2.5,370.0,0.0,-370.0,False,,12
17/05/2021,37,14,2.5,370.0,0.0,-370.0,False,,12
18/05/2021,37,14,2.5,370.0,0.0,-370.0,False,,12
19/05/2021,37,14,2.5,370.0,0.0,-370.0,False,,12
20/05/2021,37,14,2.5,370.0,0.0,-370.0,False,,12
21/05/2021,37,14,2.5,370.0,0.0,-370.0,False,,12
22/05/2021,37,14,2.5,370.0,0.0,-370.0,False,,12
24/05/2021,37,14,2.5,370.0,0.0,-370.0,False,,12
25/05/2021,37,14,2.5,370.0,0.0,-370.0,False,,12
26/05/2021,37,14,2.5,370.0,0.0,-370.0,False,,12
27/05/2021,37,14,2.5,370.0,0.0,-370.0,False,,12
28/05/2021,37,14,2.5,370.0,0.0,-370.0,False,,13
29/05/2021,37,14,2.5,370.0,0.0,-370.0,False,,12
31/05/2021,37,14,2.5,370.0,0.0,-370.0,False,,12
01/06/2021,37,14,2.5,370.0,0.0,-370.0,False,,13
02/06/2021,37,14,2.5,370.0,0.0,-370.0,False,,13
04/06/2021,37,14,2.5,370.0,0.0,-370.0,False,,12
05/06/2021,37,14,2.5,370.0,0.0,-370.0,False,,13
07/06/2021,37,14,2.5,370.0,0.0,-370.0,False,,12
08/06/2021,37,14,2.5,370.0,0.0,-370.0,False,,12
09/06/2021,37,14,2.5,370.0,0.0,-370.0,False,,12
10/06/2021,37,14,2.5,370.0,0.0,-370.0,False,,12
11/06/2021,37,14,2.5,370.0,0.0,-370.0,False,,12
12/06/2021,37,14,2.5,370.0,0.0,-370.0,False,,12
14/06/2021,37,14,2.5,370.0,0.0,-370.0,False,,12
15/06/2021,37,14,2.5,370.0,0.0,-370.0,False,,12
16/06/2021,37,14,2.5,370.0,0.0,-370.0,False,,12
17/06/2021,37,14,2.5,370.0,0.0,-370.0,False,,12
18/06/2021,37,14,2.5,370.0,0.0,-370.0,False,,12
19/06/2021,37,14,2.5,370.0,0.0,-370.0,False,,11
21/06/2021,37,14,2.5,370.0,0.0,-370.0,False,,12
22/06/2021,37,14,2.5,370.0,0.0,-370.0,False,,12
23/06/2021,37,14,2.5,370.0,0.0,-370.0,False,,12
24/06/2021,37,14,2.5,370.0,0.0,-370.0,False,,12
25/06/2021,37,14,2.5,370.0,0.0,-370.0,False,,12
26/06/2021,37,14,2.5,370.0,0.0,-370.0,False,,12
28/06/2021,37,14,2.5,370.0,0.0,-370.0,False,,12
29/06/2021,37,14,2.5,370.0,0.0,-370.0,False,,12
30/06/2021,37,14,2.5,370.0,0.0,-370.0,False,,12
01/07/2021,37,14,2.5,370.0,0.0,-370.0,False,,12
02/07/2021,37,14,2.5,370.0,0.0,-370.0,False,,12
03/07/2021,37,14,2.5,370.0,0.0,-370.0,False,,12
05/07/2021,37,14,2.5,370.0,0.0,-370.0,False,,12
06/07/2021,37,14,2.5,370.0,0.0,-370.0,False,,12
07/07/2021,37,14,2.5,370.0,0.0,-370.0,False,,12
08/07/2021,37,14,2.5,370.0,0.0,-370.0,False,,12
09/07/2021,37,14,2.5,370.0,0.0,-370.0,False,,12
10/07/2021,37,14,2.5,370.0,0.0,-370.0,False,,11
12/07/2021,37,14,2.5,370.0,0.0,-370.0,False,,12
13/07/2021,37,14,2.5,370.0,0.0,-370.0,False,,12
14/07/2021,37,14,2.5,370.0,0.0,-370.0,False,,12
15/07/2021,37,14,2.5,370.0,0.0,-370.0,False,,11
16/07/2021,37,14,2.5,370.0,0.0,-370.0,False,,12
17/07/2021,37,14,2.5,370.0,0.0,-370.0,False,,12
19/07/2021,37,14,2.5,370.0,0.0,-370.0,False,,12
20/07/2021,37,14,2.5,370.0,0.0,-370.0,False,,12
21/07/2021,37,14,2.5,370.0,0.0,-370.0,False,,11
22/07/2021,37,14,2.5,370.0,0.0,-370.0,False,,12
23/07/2021,37,14,2.5,370.0,0.0,-370.0,False,,12
24/07/2021,37,14,2.5,370.0,0.0,-370.0,False,,13
26/07/2021,37,14,2.5,370.0,0.0,-370.0,False,,12
27/07/2021,37,14,2.5,370.0,0.0,-370.0,False,,12
28/07/2021,37,14,2.5,370.0,0.0,-370.0,False,,12
29/07/2021,37,14,2.5,370.0,0.0,-370.0,False,,12
30/07/2021,37,14,2.5,370.0,0.0,-370.0,False,,13
31/07/2021,37,14,2.5,370.0,0.0,-370.0,False,,13
02/08/2021,37,14,2.5,370.0,0.0,-370.0,False,,12
03/08/2021,37,14,2.5,370.0,0.0,-370.0,False,,13
04/08/2021,37,14,2.5,370.0,0.0,-370.0,False,,12
05/08/2021,37,14,2.5,370.0,0.0,-370.0,False,,12
06/08/2021,37,14,2.5,370.0,0.0,-370.0,False,,13
07/08/2021,37,14,2.5,370.0,0.0,-370.0,False,,13
09/08/2021,37,14,2.5,370.0,0.0,-370.0,False,,13
10/08/2021,37,14,2.5,370.0,0.0,-370.0,False,,13
11/08/2021,37,14,2.5,370.0,0.0,-370.0,False,,13
12/08/2021,37,14,2.5,370.0,0.0,-370.0,False,,13
13/08/2021,37,14,2.5,370.0,0.0,-370.0,False,,13
14/08/2021,37,14,2.5,370.0,0.0,-370.0,False,,13
16/08/2021,37,14,2.5,370.0,0.0,-370.0,False,,13
17/08/2021,37,14,2.5,370.0,0.0,-370.0,False,,13
18/08/2021,37,14,2.5,370.0,0.0,-370.0,False,,13
19/08/2021,37,14,2.5,370.0,0.0,-370.0,False,,13
20/08/2021,37,14,2.5,370.0,0.0,-370.0,False,,13
21/08/2021,37,14,2.5,370.0,0.0,-370.0,False,,13
23/08/2021,37,14,2.5,370.0,0.0,-370.0,False,,13
24/08/2021,37,14,2.5,370.0,0.0,-370.0,False,,12
25/08/2021,37,14,2.5,370.0,0.0,-370.0,False,,12
26/08/2021,37,14,2.5,370.0,0.0,-370.0,False,,12
27/08/2021,37,14,2.5,370.0,0.0,-370.0,False,,12
11/09/2021,37,14,2.5,370.0,0.0,-370.0,False,,13
13/09/2021,37,14,2.5,370.0,0.0,-370.0,False,,12
14/09/2021,37,14,2.5,370.0,0.0,-370.0,False,,12
15/09/2021,37,14,2.5,370.0,0.0,-370.0,False,,12
16/09/2021,37,14,2.5,370.0,0.0,-370.0,False,,13
17/09/2021,37,14,2.5,370.0,0.0,-370.0,False,,13
18/09/2021,37,14,2.5,370.0,0.0,-370.0,False,,12
20/09/2021,37,14,2.5,370.0,0.0,-370.0,False,,13
21/09/2021,37,14,2.5,370.0,0.0,-370.0,False,,13
22/09/2021,37,14,2.5,370.0,0.0,-370.0,False,,13
23/09/2021,37,14,2.5,370.0,0.0,-370.0,False,,12
24/09/2021,37,14,2.5,370.0,0.0,-370.0,False,,12
25/09/2021,37,14,2.5,370.0,0.0,-370.0,False,,12
27/09/2021,37,14,2.5,370.0,0.0,-370.0,False,,12
28/09/2021,37,14,2.5,370.0,0.0,-370.0,False,,12
29/09/2021,37,14,2.5,370.0,0.0,-370.0,False,,12
30/09/2021,37,14,2.5,370.0,0.0,-370.0,False,,12
01/10/2021,37,14,2.5,370.0,0.0,-370.0,False,,12
02/10/2021,37,14,2.5,370.0,0.0,-370.0,False,,12
04/10/2021,37,14,2.5,370.0,0.0,-370.0,False,,11
05/10/2021,37,14,2.5,370.0,0.0,-370.0,False,,11
06/10/2021,37,14,2.5,370.0,0.0,-370.0,False,,12
07/10/2021,37,14,2.5,370.0,0.0,-370.0,False,,12
08/10/2021,37,14,2.5,370.0,0.0,-370.0,False,,12
09/10/2021,37,14,2.5,370.0,0.0,-370.0,False,,12
11/10/2021,37,14,2.5,370.0,0.0,-370.0,False,,12
13/10/2021,37,14,2.5,370.0,0.0,-370.0,False,,13
14/10/2021,37,14,2.5,370.0,0.0,-370.0,False,,12
15/10/2021,37,14,2.5,370.0,0.0,-370.0,False,,11
16/10/2021,37,14,2.5,370.0,0.0,-370.0,False,,12
18/10/2021,37,14,2.5,370.0,0.0,-370.0,False,,12
19/10/2021,37,14,2.5,370.0,0.0,-370.0,False,,12
20/10/2021,37,14,2.5,370.0,0.0,-370.0,False,,12
21/10/2021,37,14,2.5,370.0,0.0,-370.0,False,,12
22/10/2021,37,14,2.5,370.0,0.0,-370.0,False,,12
23/10/2021,37,14,2.5,370.0,0.0,-370.0,False,,12
25/10/2021,37,14,2.5,370.0,0.0,-370.0,False,,12
26/10/2021,37,14,2.5,370.0,0.0,-370.0,False,,12
27/10/2021,37,14,2.5,370.0,0.0,-370.0,False,,12
28/10/2021,37,14,2.5,370.0,0.0,-370.0,False,,12
29/10/2021,37,14,2.5,370.0,0.0,-370.0,False,,12
30/10/2021,37,14,2.5,370.0,0.0,-370.0,False,,13
01/11/2021,37,14,2.5,370.0,0.0,-370.0,False,,13
03/11/2021,37,14,2.5,370.0,0.0,-370.0,False,,12
04/11/2021,37,14,2.5,370.0,0.0,-370.0,False,,12
05/11/2021,37,14,2.5,370.0,0.0,-370.0,False,,12
06/11/2021,37,14,2.5,370.0,0.0,-370.0,False,,12
08/11/2021,37,14,2.5,370.0,0.0,-370.0,False,,12
09/11/2021,37,14,2.5,370.0,0.0,-370.0,False,,12
10/11/2021,37,14,2.5,370.0,0.0,-370.0,False,,12
11/11/2021,37,14,2.5,370.0,0.0,-370.0,False,,12
12/11/2021,37,14,2.5,370.0,0.0,-370.0,False,,12
13/11/2021,37,14,2.5,370.0,0.0,-370.0,False,,11
16/11/2021,37,14,2.5,370.0,0.0,-370.0,False,,12
17/11/2021,37,14,2.5,370.0,0.0,-370.0,False,,12
18/11/2021,37,14,2.5,370.0,0.0,-370.0,False,,13
19/11/2021,37,14,2.5,370.0,1791.74,1421.74,True,32,14
20/11/2021,37,14,2.5,370.0,0.0,-370.0,False,,12
22/11/2021,37,14,2.5,370.0,0.0,-370.0,False,,13
23/11/2021,37,14,2.5,370.0,0.0,-370.0,False,,13
24/11/2021,37,14,2.5,370.0,0.0,-370.0,False,,11
25/11/2021,37,14,2.5,370.0,0.0,-370.0,False,,12
26/11/2021,37,14,2.5,370.0,0.0,-370.0,False,,12
27/11/2021,37,14,2.5,370.0,0.0,-370.0,False,,13
29/11/2021,37,14,2.5,370.0,0.0,-370.0,False,,12
30/11/2021,37,14,2.5,370.0,0.0,-370.0,False,,12
01/12/2021,37,14,2.5,370.0,0.0,-370.0,False,,13
02/12/2021,37,14,2.5,370.0,0.0,-370.0,False,,12
03/12/2021,37,14,2.5,370.0,0.0,-370.0,False,,12
04/12/2021,37,14,2.5,370.0,0.0,-370.0,False,,12
06/12/2021,37,14,2.5,370.0,0.0,-370.0,False,,12
07/12/2021,37,14,2.5,370.0,0.0,-370.0,False,,12
08/12/2021,37,14,2.5,370.0,0.0,-370.0,False,,12
09/12/2021,37,14,2.5,370.0,0.0,-370.0,False,,13
10/12/2021,37,14,2.5,370.0,0.0,-370.0,False,,12
11/12/2021,37,14,2.5,370.0,0.0,-370.0,False,,12
13/12/2021,37,14,2.5,370.0,0.0,-370.0,False,,12
14/12/2021,37,14,2.5,370.0,0.0,-370.0,False,,12
15/12/2021,37,14,2.5,370.0,0.0,-370.0,False,,13
16/12/2021,37,14,2.5,370.0,0.0,-370.0,False,,13
17/12/2021,37,14,2.5,370.0,0.0,-370.0,False,,13
18/12/2021,37,14,2.5,370.0,0.0,-370.0,False,,13
20/12/2021,37,14,2.5,370.0,0.0,-370.0,False,,13
21/12/2021,37,14,2.5,370.0,0.0,-370.0,False,,13
22/12/2021,37,14,2.5,370.0,0.0,-370.0,False,,13
23/12/2021,37,14,2.5,370.0,0.0,-370.0,False,,13
24/12/2021,37,14,2.5,370.0,0.0,-370.0,False,,12
27/12/2021,37,14,2.5,370.0,0.0,-370.0,False,,12
28/12/2021,37,14,2.5,370.0,0.0,-370.0,False,,12
29/12/2021,37,14,2.5,370.0,0.0,-370.0,False,,12
30/12/2021,37,14,2.5,370.0,0.0,-370.0,False,,12
31/12/2021,37,14,2.5,370.0,0.0,-370.0,False,,12
03/01/2022,37,14,2.5,370.0,0.0,-370.0,False,,12
04/01/2022,37,14,2.5,370.0,0.0,-370.0,False,,12
05/01/2022,37,14,2.5,370.0,0.0,-370.0,False,,12
06/01/2022,37,14,2.5,370.0,0.0,-370.0,False,,12
07/01/2022,37,14,2.5,370.0,0.0,-370.0,False,,12
08/01/2022,37,14,2.5,370.0,0.0,-370.0,False,,12
10/01/2022,37,14,2.5,370.0,0.0,-370.0,False,,12
11/01/2022,37,14,2.5,370.0,0.0,-370.0,False,,12
12/01/2022,37,14,2.5,370.0,0.0,-370.0,False,,12
13/01/2022,37,14,2.5,370.0,0.0,-370.0,False,,12
14/01/2022,37,14,2.5,370.0,0.0,-370.0,False,,11
15/01/2022,37,14,2.5,370.0,0.0,-370.0,False,,12
17/01/2022,37,14,2.5,370.0,0.0,-370.0,False,,12
18/01/2022,37,14,2.5,370.0,0.0,-370.0,False,,12
19/01/2022,37,14,2.5,370.0,0.0,-370.0,False,,12
20/01/2022,37,14,2.5,370.0,0.0,-370.0,False,,12
21/01/2022,37,14,2.5,370.0,0.0,-370.0,False,,12
22/01/2022,37,14,2.5,370.0,0.0,-370.0,False,,12
24/01/2022,37,14,2.5,370.0,0.0,-370.0,False,,12
25/01/2022,37,14,2.5,370.0,0.0,-370.0,False,,12
26/01/2022,37,14,2.5,370.0,0.0,-370.0,False,,12
27/01/2022,37,14,2.5,370.0,0.0,-370.0,False,,13
28/01/2022,37,14,2.5,370.0,0.0,-370.0,False,,13
29/01/2022,37,14,2.5,370.0,0.0,-370.0,False,,12
31/01/2022,37,14,2.5,370.0,0.0,-370.0,False,,12
01/02/2022,37,14,2.5,370.0,0.0,-370.0,False,,12
02/02/2022,37,14,2.5,370.0,0.0,-370.0,False,,13
03/02/2022,37,14,2.5,370.0,0.0,-370.0,False,,12
04/02/2022,37,14,2.5,370.0,0.0,-370.0,False,,13
05/02/2022,37,14,2.5,370.0,0.0,-370.0,False,,12
07/02/2022,37,14,2.5,370.0,0.0,-370.0,False,,12
08/02/2022,37,14,2.5,370.0,0.0,-370.0,False,,12
09/02/2022,37,14,2.5,370.0,0.0,-370.0,False,,12
10/02/2022,37,14,2.5,370.0,0.0,-370.0,False,,13
11/02/2022,37,14,2.5,370.0,0.0,-370.0,False,,13
12/02/2022,37,14,2.5,370.0,0.0,-370.0,False,,13
14/02/2022,37,14,2.5,370.0,0.0,-370.0,False,,13
15/02/2022,37,14,2.5,370.0,0.0,-370.0,False,,12
16/02/2022,37,14,2.5,370.0,0.0,-370.0,False,,12
17/02/2022,37,14,2.5,370.0,0.0,-370.0,False,,12
18/02/2022,37,14,2.5,370.0,0.0,-370.0,False,,12
19/02/2022,37,14,2.5,370.0,0.0,-370.0,False,,12
21/02/2022,37,14,2.5,370.0,0.0,-370.0,False,,12
22/02/2022,37,14,2.5,370.0,0.0,-370.0,False,,12
23/02/2022,37,14,2.5,370.0,0.0,-370.0,False,,13
24/02/2022,37,14,2.5,370.0,0.0,-370.0,False,,12
25/02/2022,37,14,2.5,370.0,0.0,-370.0,False,,11
26/02/2022,37,14,2.5,370.0,0.0,-370.0,False,,12
02/03/2022,37,14,2.5,370.0,0.0,-370.0,False,,12
03/03/2022,37,14,2.5,370.0,0.0,-370.0,False,,11
04/03/2022,37,14,2.5,370.0,0.0,-370.0,False,,12
05/03/2022,37,14,2.5,370.0,0.0,-370.0,False,,12
07/03/2022,37,14,2.5,370.0,0.0,-370.0,False,,12
08/03/2022,37,14,2.5,370.0,0.0,-370.0,False,,12
09/03/2022,37,14,2.5,370.0,0.0,-370.0,False,,11
10/03/2022,37,14,2.5,370.0,0.0,-370.0,False,,12
11/03/2022,37,14,2.5,370.0,0.0,-370.0,False,,11
12/03/2022,37,14,2.5,370.0,0.0,-370.0,False,,11
14/03/2022,37,14,2.5,370.0,0.0,-370.0,False,,12
15/03/2022,37,14,2.5,370.0,0.0,-370.0,False,,12
16/03/2022,37,14,2.5,370.0,0.0,-370.0,False,,12
17/03/2022,37,14,2.5,370.0,0.0,-370.0,False,,13
18/03/2022,37,14,2.5,370.0,0.0,-370.0,False,,12
19/03/2022,37,14,2.5,370.0,0.0,-370.0,False,,13
21/03/2022,37,14,2.5,370.0,0.0,-370.0,False,,12
22/03/2022,37,14,2.5,370.0,0.0,-370.0,False,,13
23/03/2022,37,14,2.5,370.0,0.0,-370.0,False,,12
24/03/2022,37,14,2.5,370.0,0.0,-370.0,False,,12
25/03/2022,37,14,2.5,370.0,0.0,-370.0,False,,12
26/03/2022,37,14,2.5,370.0,0.0,-370.0,False,,13
28/03/2022,37,14,2.5,370.0,0.0,-370.0,False,,13
29/03/2022,37,14,2.5,370.0,0.0,-370.0,False,,12
30/03/2022,37,14,2.5,370.0,0.0,-370.0,False,,13
31/03/2022,37,14,2.5,370.0,1493.65,1123.65,True,19,14
01/04/2022,37,14,2.5,370.0,0.0,-370.0,False,,13
02/04/2022,37,14,2.5,370.0,0.0,-370.0,False,,12
04/04/2022,37,14,2.5,370.0,0.0,-370.0,False,,12
05/04/2022,37,14,2.5,370.0,0.0,-370.0,False,,12
06/04/2022,37,14,2.5,370.0,0.0,-370.0,False,,12
07/04/2022,37,14,2.5,370.0,0.0,-370.0,False,,12
08/04/2022,37,14,2.5,370.0,0.0,-370.0,False,,13
09/04/2022,37,14,2.5,370.0,0.0,-370.0,False,,13
11/04/2022,37,14,2.5,370.0,0.0,-370.0,False,,12
12/04/2022,37,14,2.5,370.0,0.0,-370.0,False,,12
13/04/2022,37,14,2.5,370.0,0.0,-370.0,False,,13
14/04/2022,37,14,2.5,370.0,0.0,-370.0,False,,13
16/04/2022,37,14,2.5,370.0,0.0,-370.0,False,,12
18/04/2022,37,14,2.5,370.0,0.0,-370.0,False,,12
19/04/2022,37,14,2.5,370.0,0.0,-370.0,False,,12
20/04/2022,37,14,2.5,370.0,0.0,-370.0,False,,12
22/04/2022,37,14,2.5,370.0,0.0,-370.0,False,,12
23/04/2022,37,14,2.5,370.0,0.0,-370.0,False,,12
25/04/2022,37,14,2.5,370.0,0.0,-370.0,False,,12
26/04/2022,37,14,2.5,370.0,0.0,-370.0,False,,12
27/04/2022,37,14,2.5,370.0,0.0,-370.0,False,,12
28/04/2022,37,14,2.5,370.0,0.0,-370.0,False,,12
29/04/2022,37,14,2.5,370.0,0.0,-370.0,False,,12
30/04/2022,37,14,2.5,370.0,0.0,-370.0,False,,12
02/05/2022,37,14,2.5,370.0,0.0,-370.0,False,,12
03/05/2022,37,14,2.5,370.0,0.0,-370.0,False,,12
04/05/2022,37,14,2.5,370.0,0.0,-370.0,False,,13
05/05/2022,37,14,2.5,370.0,0.0,-370.0,False,,13
06/05/2022,37,14,2.5,370.0,0.0,-370.0,False,,13
07/05/2022,37,14,2.5,370.0,0.0,-370.0,False,,12
09/05/2022,37,14,2.5,370.0,0.0,-370.0,False,,13
10/05/2022,37,14,2.5,370.0,0.0,-370.0,False,,13
11/05/2022,37,14,2.5,370.0,0.0,-370.0,False,,13
12/05/2022,37,14,2.5,370.0,0.0,-370.0,False,,12
13/05/2022,37,14,2.5,370.0,0.0,-370.0,False,,11
14/05/2022,37,14,2.5,370.0,0.0,-370.0,False,,12
16/05/2022,37,14,2.5,370.0,0.0,-370.0,False,,11
17/05/2022,37,14,2.5,370.0,0.0,-370.0,False,,11
18/05/2022,37,14,2.5,370.0,0.0,-370.0,False,,12
19/05/2022,37,14,2.5,370.0,0.0,-370.0,False,,12
20/05/2022,37,14,2.5,370.0,0.0,-370.0,False,,11
21/05/2022,37,14,2.5,370.0,0.0,-370.0,False,,12
23/05/2022,37,14,2.5,370.0,0.0,-370.0,False,,11
24/05/2022,37,14,2.5,370.0,0.0,-370.0,False,,12
25/05/2022,37,14,2.5,370.0,0.0,-370.0,False,,12
26/05/2022,37,14,2.5,370.0,0.0,-370.0,False,,12
27/05/2022,37,14,2.5,370.0,0.0,-370.0,False,,12
28/05/2022,37,14,2.5,370.0,0.0,-370.0,False,,12
30/05/2022,37,14,2.5,370.0,0.0,-370.0,False,,12
31/05/2022,37,14,2.5,370.0,0.0,-370.0,False,,12
01/06/2022,37,14,2.5,370.0,0.0,-370.0,False,,12
02/06/2022,37,14,2.5,370.0,0.0,-370.0,False,,12
03/06/2022,37,14,2.5,370.0,0.0,-370.0,False,,12
04/06/2022,37,14,2.5,370.0,0.0,-370.0,False,,11
06/06/2022,37,14,2.5,370.0,0.0,-370.0,False,,11
07/06/2022,37,14,2.5,370.0,0.0,-370.0,False,,12
08/06/2022,37,14,2.5,370.0,0.0,-370.0,False,,12
09/06/2022,37,14,2.5,370.0,0.0,-370.0,False,,12
10/06/2022,37,14,2.5,370.0,0.0,-370.0,False,,12
11/06/2022,37,14,2.5,370.0,0.0,-370.0,False,,12
13/06/2022,37,14,2.5,370.0,0.0,-370.0,False,,12
14/06/2022,37,14,2.5,370.0,0.0,-370.0,False,,12
15/06/2022,37,14,2.5,370.0,0.0,-370.0,False,,12
17/06/2022,37,14,2.5,370.0,0.0,-370.0,False,,12
18/06/2022,37,14,2.5,370.0,0.0,-370.0,False,,12
20/06/2022,37,14,2.5,370.0,0.0,-370.0,False,,12
21/06/2022,37,14,2.5,370.0,0.0,-370.0,False,,12
22/06/2022,37,14,2.5,370.0,0.0,-370.0,False,,12
23/06/2022,37,14,2.5,370.0,0.0,-370.0,False,,12
24/06/2022,37,14,2.5,370.0,0.0,-370.0,False,,12
25/06/2022,37,14,2.5,370.0,0.0,-370.0,False,,11
27/06/2022,37,14,2.5,370.0,0.0,-370.0,False,,12
28/06/2022,37,14,2.5,370.0,0.0,-370.0,False,,12
29/06/2022,37,14,2.5,370.0,0.0,-370.0,False,,11
30/06/2022,37,14,2.5,370.0,0.0,-370.0,False,,11
01/07/2022,37,14,2.5,370.0,0.0,-370.0,False,,12
02/07/2022,37,14,2.5,370.0,0.0,-370.0,False,,12
04/07/2022,37,14,2.5,370.0,0.0,-370.0,False,,12
05/07/2022,37,14,2.5,370.0,0.0,-370.0,False,,12
06/07/2022,37,14,2.5,370.0,0.0,-370.0,False,,12
07/07/2022,37,14,2.5,370.0,0.0,-370.0,False,,12
08/07/2022,37,14,2.5,370.0,0.0,-370.0,False,,12
09/07/2022,37,14,2.5,370.0,0.0,-370.0,False,,12
11/07/2022,37,14,2.5,370.0,0.0,-370.0,False,,12
12/07/2022,37,14,2.5,370.0,0.0,-370.0,False,,12
13/07/2022,37,14,2.5,370.0,0.0,-370.0,False,,11
14/07/2022,37,14,2.5,370.0,0.0,-370.0,False,,11
15/07/2022,37,14,2.5,370.0,0.0,-370.0,False,,13
16/07/2022,37,14,2.5,370.0,0.0,-370.0,False,,12
18/07/2022,37,14,2.5,370.0,0.0,-370.0,False,,12
19/07/2022,37,14,2.5,370.0,0.0,-370.0,False,,12
20/07/2022,37,14,2.5,370.0,0.0,-370.0,False,,12
21/07/2022,37,14,2.5,370.0,0.0,-370.0,False,,12
22/07/2022,37,14,2.5,370.0,0.0,-370.0,False,,12
23/07/2022,37,14,2.5,370.0,0.0,-370.0,False,,12
25/07/2022,37,14,2.5,370.0,0.0,-370.0,False,,12
26/07/2022,37,14,2.5,370.0,0.0,-370.0,False,,12
27/07/2022,37,14,2.5,370.0,0.0,-370.0,False,,12
28/07/2022,37,14,2.5,370.0,0.0,-370.0,False,,12
29/07/2022,37,14,2.5,370.0,2128.77,1758.77,True,34,14
30/07/2022,37,14,2.5,370.0,0.0,-370.0,False,,12
01/08/2022,37,14,2.5,370.0,0.0,-370.0,False,,12
02/08/2022,37,14,2.5,370.0,0.0,-370.0,False,,12
03/08/2022,37,14,2.5,370.0,0.0,-370.0,False,,12
04/08/2022,37,14,2.5,370.0,0.0,-370.0,False,,12
05/08/2022,37,14,2.5,370.0,0.0,-370.0,False,,12
06/08/2022,37,14,2.5,370.0,0.0,-370.0,False,,12
08/08/2022,37,14,2.5,370.0,0.0,-370.0,False,,13
09/08/2022,37,14,2.5,370.0,0.0,-370.0,False,,12
10/08/2022,37,14,2.5,370.0,0.0,-370.0,False,,13
11/08/2022,37,14,2.5,370.0,0.0,-370.0,False,,13
12/08/2022,37,14,2.5,370.0,0.0,-370.0,False,,13
13/08/2022,37,14,2.5,370.0,0.0,-370.0,False,,13
15/08/2022,37,14,2.5,370.0,0.0,-370.0,False,,13
16/08/2022,37,14,2.5,370.0,0.0,-370.0,False,,12
17/08/2022,37,14,2.5,370.0,0.0,-370.0,False,,13
18/08/2022,37,14,2.5,370.0,0.0,-370.0,False,,12
19/08/2022,37,14,2.5,370.0,0.0,-370.0,False,,12
20/08/2022,37,14,2.5,370.0,0.0,-370.0,False,,12
22/08/2022,37,14,2.5,370.0,0.0,-370.0,False,,12
23/08/2022,37,14,2.5,370.0,0.0,-370.0,False,,12
24/08/2022,37,14,2.5,370.0,0.0,-370.0,False,,12
25/08/2022,37,14,2.5,370.0,0.0,-370.0,False,,12
26/08/2022,37,14,2.5,370.0,0.0,-370.0,False,,12
10/09/2022,37,14,2.5,370.0,0.0,-370.0,False,,12
12/09/2022,37,14,2.5,370.0,0.0,-370.0,False,,12
13/09/2022,37,14,2.5,370.0,0.0,-370.0,False,,12
14/09/2022,37,14,2.5,370.0,0.0,-370.0,False,,13
15/09/2022,37,14,2.5,370.0,0.0,-370.0,False,,13
16/09/2022,37,14,2.5,370.0,0.0,-370.0,False,,13
17/09/2022,37,14,2.5,370.0,0.0,-370.0,False,,12
19/09/2022,37,14,2.5,370.0,0.0,-370.0,False,,13
20/09/2022,37,14,2.5,370.0,0.0,-370.0,False,,13
21/09/2022,37,14,2.5,370.0,0.0,-370.0,False,,13
22/09/2022,37,14,2.5,370.0,0.0,-370.0,False,,13
23/09/2022,37,14,2.5,370.0,0.0,-370.0,False,,13
24/09/2022,37,14,2.5,370.0,0.0,-370.0,False,,13
26/09/2022,37,14,2.5,370.0,0.0,-370.0,False,,12
27/09/2022,37,14,2.5,370.0,0.0,-370.0,False,,12
28/09/2022,37,14,2.5,370.0,0.0,-370.0,False,,12
29/09/2022,37,14,2.5,370.0,0.0,-370.0,False,,12
30/09/2022,37,14,2.5,370.0,0.0,-370.0,False,,12
01/10/2022,37,14,2.5,370.0,0.0,-370.0,False,,13
03/10/2022,37,14,2.5,370.0,0.0,-370.0,False,,12
04/10/2022,37,14,2.5,370.0,0.0,-370.0,False,,12
05/10/2022,37,14,2.5,370.0,0.0,-370.0,False,,13
06/10/2022,37,14,2.5,370.0,0.0,-370.0,False,,13
07/10/2022,37,14,2.5,370.0,0.0,-370.0,False,,12
08/10/2022,37,14,2.5,370.0,0.0,-370.0,False,,13
10/10/2022,37,14,2.5,370.0,0.0,-370.0,False,,13
11/10/2022,37,14,2.5,370.0,0.0,-370.0,False,,12
13/10/2022,37,14,2.5,370.0,0.0,-370.0,False,,12
14/10/2022,37,14,2.5,370.0,0.0,-370.0,False,,13
15/10/2022,37,14,2.5,370.0,0.0,-370.0,False,,12
17/10/2022,37,14,2.5,370.0,0.0,-370.0,False,,12
18/10/2022,37,14,2.5,370.0,0.0,-370.0,False,,12
19/10/2022,37,14,2.5,370.0,0.0,-370.0,False,,12
20/10/2022,37,14,2.5,370.0,0.0,-370.0,False,,13
21/10/2022,37,14,2.5,370.0,0.0,-370.0,False,,12
22/10/2022,37,14,2.5,370.0,0.0,-370.0,False,,12
24/10/2022,37,14,2.5,370.0,0.0,-370.0,False,,12
25/10/2022,37,14,2.5,370.0,0.0,-370.0,False,,11
26/10/2022,37,14,2.5,370.0,0.0,-370.0,False,,12
27/10/2022,37,14,2.5,370.0,0.0,-370.0,False,,11
28/10/2022,37,14,2.5,370.0,0.0,-370.0,False,,12
29/10/2022,37,14,2.5,370.0,0.0,-370.0,False,,11
31/10/2022,37,14,2.5,370.0,0.0,-370.0,False,,12
01/11/2022,37,14,2.5,370.0,0.0,-370.0,False,,12
03/11/2022,37,14,2.5,370.0,0.0,-370.0,False,,12
04/11/2022,37,14,2.5,370.0,0.0,-370.0,False,,12
05/11/2022,37,14,2.5,370.0,0.0,-370.0,False,,12
07/11/2022,37,14,2.5,370.0,0.0,-370.0,False,,11
08/11/2022,37,14,2.5,370.0,0.0,-370.0,False,,12
09/11/2022,37,14,2.5,370.0,0.0,-370.0,False,,12
10/11/2022,37,14,2.5,370.0,0.0,-370.0,False,,12
11/11/2022,37,14,2.5,370.0,0.0,-370.0,False,,12
12/11/2022,37,14,2.5,370.0,0.0,-370.0,False,,12
14/11/2022,37,14,2.5,370.0,0.0,-370.0,False,,12
16/11/2022,37,14,2.5,370.0,0.0,-370.0,False,,13
17/11/2022,37,14,2.5,370.0,0.0,-370.0,False,,12
18/11/2022,37,14,2.5,370.0,0.0,-370.0,False,,13
19/11/2022,37,14,2.5,370.0,0.0,-370.0,False,,12
21/11/2022,37,14,2.5,370.0,0.0,-370.0,False,,13
22/11/2022,37,14,2.5,370.0,0.0,-370.0,False,,12
23/11/2022,37,14,2.5,370.0,0.0,-370.0,False,,13
24/11/2022,37,14,2.5,370.0,0.0,-370.0,False,,12
25/11/2022,37,14,2.5,370.0,0.0,-370.0,False,,12
26/11/2022,37,14,2.5,370.0,0.0,-370.0,False,,12
28/11/2022,37,14,2.5,370.0,0.0,-370.0,False,,13
29/11/2022,37,14,2.5,370.0,0.0,-370.0,False,,12
30/11/2022,37,14,2.5,370.0,0.0,-370.0,False,,12
01/12/2022,37,14,2.5,370.0,0.0,-370.0,False,,12
02/12/2022,37,14,2.5,370.0,0.0,-370.0,False,,12
03/12/2022,37,14,2.5,370.0,0.0,-370.0,False,,12
05/12/2022,37,14,2.5,370.0,0.0,-370.0,False,,12
06/12/2022,37,14,2.5,370.0,0.0,-370.0,False,,13
07/12/2022,37,14,2.5,370.0,0.0,-370.0,False,,12
08/12/2022,37,14,2.5,370.0,0.0,-370.0,False,,12
09/12/2022,37,14,2.5,370.0,0.0,-370.0,False,,12
10/12/2022,37,14,2.5,370.0,0.0,-370.0,False,,12
12/12/2022,37,14,2.5,370.0,0.0,-370.0,False,,12
13/12/2022,37,14,2.5,370.0,0.0,-370.0,False,,13
14/12/2022,37,14,2.5,370.0,0.0,-370.0,False,,12
15/12/2022,37,14,2.5,370.0,0.0,-370.0,False,,12
16/12/2022,37,14,2.5,370.0,0.0,-370.0,False,,12
17/12/2022,37,14,2.5,370.0,0.0,-370.0,False,,12
19/12/2022,37,14,2.5,370.0,0.0,-370.0,False,,12
20/12/2022,37,14,2.5,370.0,0.0,-370.0,False,,12
21/12/2022,37,14,2.5,370.0,0.0,-370.0,False,,12
22/12/2022,37,14,2.5,370.0,0.0,-370.0,False,,12
23/12/2022,37,14,2.5,370.0,0.0,-370.0,False,,12
24/12/2022,37,14,2.5,370.0,0.0,-370.0,False,,12
26/12/2022,37,14,2.5,370.0,0.0,-370.0,False,,12
27/12/2022,37,14,2.5,370.0,0.0,-370.0,False,,12
28/12/2022,37,14,2.5,370.0,0.0,-370.0,False,,12
29/12/2022,37,14,2.5,370.0,0.0,-370.0,False,,12
30/12/2022,37,14,2.5,370.0,0.0,-370.0,False,,12
31/12/2022,37,14,2.5,370.0,0.0,-370.0,False,,13
03/01/2023,37,14,2.5,370.0,0.0,-370.0,False,,12
04/01/2023,37,14,2.5,370.0,0.0,-370.0,False,,13
05/01/2023,37,14,2.5,370.0,0.0,-370.0,False,,13
06/01/2023,37,14,2.5,370.0,0.0,-370.0,False,,12
07/01/2023,37,14,2.5,370.0,0.0,-370.0,False,,12
09/01/2023,37,14,2.5,370.0,0.0,-370.0,False,,12
10/01/2023,37,14,2.5,370.0,0.0,-370.0,False,,12
11/01/2023,37,14,2.5,370.0,0.0,-370.0,False,,12
12/01/2023,37,14,2.5,370.0,0.0,-370.0,False,,12
13/01/2023,37,14,2.5,370.0,0.0,-370.0,False,,12
14/01/2023,37,14,2.5,370.0,0.0,-370.0,False,,12
16/01/2023,37,14,2.5,370.0,0.0,-370.0,False,,12
17/01/2023,37,14,2.5,370.0,0.0,-370.0,False,,12
18/01/2023,37,14,2.5,370.0,0.0,-370.0,False,,12
19/01/2023,37,14,2.5,370.0,0.0,-370.0,False,,13
20/01/2023,37,14,2.5,370.0,0.0,-370.0,False,,12
21/01/2023,37,14,2.5,370.0,0.0,-370.0,False,,12
23/01/2023,37,14,2.5,370.0,0.0,-370.0,False,,12
24/01/2023,37,14,2.5,370.0,0.0,-370.0,False,,13
25/01/2023,37,14,2.5,370.0,0.0,-370.0,False,,12
26/01/2023,37,14,2.5,370.0,0.0,-370.0,False,,12
27/01/2023,37,14,2.5,370.0,0.0,-370.0,False,,12
28/01/2023,37,14,2.5,370.0,0.0,-370.0,False,,12
30/01/2023,37,14,2.5,370.0,0.0,-370.0,False,,12
31/01/2023,37,14,2.5,370.0,0.0,-370.0,False,,12
01/02/2023,37,14,2.5,370.0,0.0,-370.0,False,,12
02/02/2023,37,14,2.5,370.0,0.0,-370.0,False,,11
03/02/2023,37,14,2.5,370.0,0.0,-370.0,False,,11
04/02/2023,37,14,2.5,370.0,0.0,-370.0,False,,12
06/02/2023,37,14,2.5,370.0,0.0,-370.0,False,,12
07/02/2023,37,14,2.5,370.0,0.0,-370.0,False,,11
08/02/2023,37,14,2.5,370.0,0.0,-370.0,False,,12
09/02/2023,37,14,2.5,370.0,0.0,-370.0,False,,11
10/02/2023,37,14,2.5,370.0,0.0,-370.0,False,,12
11/02/2023,37,14,2.5,370.0,0.0,-370.0,False,,12
13/02/2023,37,14,2.5,370.0,0.0,-370.0,False,,12
14/02/2023,37,14,2.5,370.0,0.0,-370.0,False,,12
15/02/2023,37,14,2.5,370.0,0.0,-370.0,False,,12
16/02/2023,37,14,2.5,370.0,0.0,-370.0,False,,12
17/02/2023,37,14,2.5,370.0,0.0,-370.0,False,,12
18/02/2023,37,14,2.5,370.0,0.0,-370.0,False,,12
22/02/2023,37,14,2.5,370.0,0.0,-370.0,False,,11
23/02/2023,37,14,2.5,370.0,0.0,-370.0,False,,11
24/02/2023,37,14,2.5,370.0,0.0,-370.0,False,,12
25/02/2023,37,14,2.5,370.0,0.0,-370.0,False,,12
27/02/2023,37,14,2.5,370.0,0.0,-370.0,False,,12
28/02/2023,37,14,2.5,370.0,0.0,-370.0,False,,12
01/03/2023,37,14,2.5,370.0,0.0,-370.0,False,,12
02/03/2023,37,14,2.5,370.0,0.0,-370.0,False,,12
03/03/2023,37,14,2.5,370.0,0.0,-370.0,False,,11
04/03/2023,37,14,2.5,370.0,0.0,-370.0,False,,12
06/03/2023,37,14,2.5,370.0,0.0,-370.0,False,,12
07/03/2023,37,14,2.5,370.0,0.0,-370.0,False,,12
08/03/2023,37,14,2.5,370.0,0.0,-370.0,False,,12
09/03/2023,37,14,2.5,370.0,0.0,-370.0,False,,12
10/03/2023,37,14,2.5,370.0,0.0,-370.0,False,,12
11/03/2023,37,14,2.5,370.0,0.0,-370.0,False,,12
13/03/2023,37,14,2.5,370.0,0.0,-370.0,False,,12
14/03/2023,37,14,2.5,370.0,0.0,-370.0,False,,12
15/03/2023,37,14,2.5,370.0,0.0,-370.0,False,,12
16/03/2023,37,14,2.5,370.0,0.0,-370.0,False,,12
17/03/2023,37,14,2.5,372.0,0.0,-372.0,False,,12
18/03/2023,37,14,2.5,374.0,0.0,-374.0,False,,12
20/03/2023,37,14,2.5,376.0,0.0,-376.0,False,,12
21/03/2023,37,14,2.5,378.0,0.0,-378.0,False,,11
22/03/2023,37,14,2.5,380.0,0.0,-380.0,False,,12
23/03/2023,37,14,2.5,382.0,0.0,-382.0,False,,12
24/03/2023,37,14,2.5,384.0,0.0,-384.0,False,,12
25/03/2023,37,14,2.5,386.0,0.0,-386.0,False,,12
27/03/2023,37,14,2.5,388.0,0.0,-388.0,False,,12
28/03/2023,37,14,2.5,390.0,0.0,-390.0,False,,12
29/03/2023,37,14,2.5,392.0,0.0,-392.0,False,,13
30/03/2023,37,14,2.5,394.0,0.0,-394.0,False,,12
31/03/2023,37,14,2.5,396.0,0.0,-396.0,False,,12
01/04/2023,37,14,2.5,398.0,0.0,-398.0,False,,12
03/04/2023,37,14,2.5,400.0,0.0,-400.0,False,,12
04/04/2023,37,14,2.5,402.0,0.0,-402.0,False,,13
05/04/2023,37,14,2.5,404.0,0.0,-404.0,False,,12
06/04/2023,37,14,2.5,406.0,0.0,-406.0,False,,12
08/04/2023,37,14,2.5,408.0,0.0,-408.0,False,,12
10/04/2023,37,14,2.5,410.0,0.0,-410.0,False,,13
11/04/2023,37,14,2.5,412.0,0.0,-412.0,False,,13
12/04/2023,37,14,2.5,414.0,0.0,-414.0,False,,12
13/04/2023,37,14,2.5,416.0,0.0,-416.0,False,,12
14/04/2023,37,14,2.5,418.0,0.0,-418.0,False,,12
15/04/2023,37,14,2.5,420.0,0.0,-420.0,False,,12
17/04/2023,37,14,2.5,422.0,0.0,-422.0,False,,12
18/04/2023,37,14,2.5,424.0,0.0,-424.0,False,,12
19/04/2023,37,14,2.5,426.0,0.0,-426.0,False,,13
20/04/2023,37,14,2.5,428.0,0.0,-428.0,False,,13
22/04/2023,37,14,2.5,430.0,0.0,-430.0,False,,12
24/04/2023,37,14,2.5,432.0,0.0,-432.0,False,,12
25/04/2023,37,14,2.5,434.0,0.0,-434.0,False,,12
26/04/2023,37,14,2.5,436.0,0.0,-436.0,False,,12
27/04/2023,37,14,2.5,438.0,0.0,-438.0,False,,12
28/04/2023,37,14,2.5,440.0,0.0,-440.0,False,,12
29/04/2023,37,14,2.5,442.0,0.0,-442.0,False,,13
02/05/2023,37,14,3.0,444.0,0.0,-444.0,False,,12
03/05/2023,37,14,3.0,444.0,0.0,-444.0,False,,12
04/05/2023,37,14,3.0,444.0,0.0,-444.0,False,,13
05/05/2023,37,14,3.0,444.0,0.0,-444.0,False,,13
06/05/2023,37,14,3.0,444.0,0.0,-444.0,False,,12
08/05/2023,37,14,3.0,444.0,0.0,-444.0,False,,12
09/05/2023,37,14,3.0,444.0,0.0,-444.0,False,,12
10/05/2023,37,14,3.0,444.0,0.0,-444.0,False,,12
11/05/2023,37,14,3.0,444.0,0.0,-444.0,False,,12
12/05/2023,37,14,3.0,444.0,0.0,-444.0,False,,12
13/05/2023,37,14,3.0,444.0,0.0,-444.0,False,,12
15/05/2023,37,14,3.0,444.0,0.0,-444.0,False,,13
16/05/2023,37,14,3.0,444.0,0.0,-444.0,False,,13
17/05/2023,37,14,3.0,444.0,0.0,-444.0,False,,13
18/05/2023,37,14,3.0,444.0,0.0,-444.0,False,,13
19/05/2023,37,14,3.0,444.0,0.0,-444.0,False,,13
20/05/2023,37,14,3.0,444.0,0.0,-444.0,False,,13
22/05/2023,37,14,3.0,444.0,0.0,-444.0,False,,13
23/05/2023,37,14,3.0,444.0,1059.79,615.79,True,22,14
24/05/2023,37,14,3.0,444.0,1059.79,615.79,True,21,14
25/05/2023,37,14,3.0,444.0,1059.79,615.79,True,20,14
26/05/2023,37,14,3.0,444.0,1059.79,615.79,True,19,14
27/05/2023,37,14,3.0,444.0,1059.79,615.79,True,18,14
29/05/2023,37,14,3.0,444.0,1059.79,615.79,True,17,14
30/05/2023,37,14,3.0,444.0,1059.79,615.79,True,16,14
31/05/2023,37,14,3.0,444.0,1059.79,615.79,True,15,14
01/06/2023,37,14,3.0,444.0,1059.79,615.79,True,14,14
02/06/2023,37,14,3.0,444.0,1059.79,615.79,True,13,14
03/06/2023,37,14,3.0,444.0,1059.79,615.79,True,12,14
05/06/2023,37,14,3.0,444.0,1059.79,615.79,True,11,14
06/06/2023,37,14,3.0,444.0,1059.79,615.79,True,10,14
07/06/2023,37,14,3.0,444.0,1059.79,615.79,True,9,14
09/06/2023,37,14,3.0,444.0,1059.79,615.79,True,8,14
10/06/2023,37,14,3.0,444.0,1059.79,615.79,True,7,14
12/06/2023,37,14,3.0,444.0,1059.79,615.79,True,6,14
13/06/2023,37,14,3.0,444.0,1059.79,615.79,True,5,14
14/06/2023,37,14,3.0,444.0,1059.79,615.79,True,4,14
15/06/2023,37,14,3.0,444.0,0.0,-444.0,False,,13
16/06/2023,37,14,3.0,444.0,0.0,-444.0,False,,13
17/06/2023,37,14,3.0,444.0,0.0,-444.0,False,,13
19/06/2023,37,14,3.0,444.0,0.0,-444.0,False,,12
20/06/2023,37,14,3.0,444.0,0.0,-444.0,False,,12
21/06/2023,37,14,3.0,444.0,0.0,-444.0,False,,11
22/06/2023,37,14,3.0,444.0,0.0,-444.0,False,,12
23/06/2023,37,14,3.0,444.0,0.0,-444.0,False,,12
24/06/2023,37,14,3.0,444.0,0.0,-444.0,False,,12
26/06/2023,37,14,3.0,444.0,0.0,-444.0,False,,12
27/06/2023,37,14,3.0,444.0,0.0,-444.0,False,,12
28/06/2023,37,14,3.0,444.0,0.0,-444.0,False,,11
29/06/2023,37,14,3.0,444.0,0.0,-444.0,False,,12
30/06/2023,37,14,3.0,444.0,0.0,-444.0,False,,12
01/07/2023,37,14,3.0,444.0,0.0,-444.0,False,,12
03/07/2023,37,14,3.0,444.0,0.0,-444.0,False,,12
04/07/2023,37,14,3.0,444.0,0.0,-444.0,False,,12
05/07/2023,37,14,3.0,444.0,0.0,-444.0,False,,12
06/07/2023,37,14,3.0,444.0,0.0,-444.0,False,,13
07/07/2023,37,14,3.0,444.0,0.0,-444.0,False,,12
08/07/2023,37,14,3.0,444.0,0.0,-444.0,False,,11
10/07/2023,37,14,3.0,444.0,0.0,-444.0,False,,12
11/07/2023,37,14,3.0,444.0,0.0,-444.0,False,,12
12/07/2023,37,14,3.0,444.0,0.0,-444.0,False,,12
13/07/2023,37,14,3.0,444.0,0.0,-444.0,False,,12
14/07/2023,37,14,3.0,444.0,0.0,-444.0,False,,12
15/07/2023,37,14,3.0,444.0,0.0,-444.0,False,,12
17/07/2023,37,14,3.0,444.0,0.0,-444.0,False,,11
18/07/2023,37,14,3.0,444.0,0.0,-444.0,False,,12
19/07/2023,37,14,3.0,444.0,0.0,-444.0,False,,12
20/07/2023,37,14,3.0,444.0,0.0,-444.0,False,,12
21/07/2023,37,14,3.0,444.0,0.0,-444.0,False,,12
22/07/2023,37,14,3.0,444.0,0.0,-444.0,False,,12
24/07/2023,37,14,3.0,444.0,0.0,-444.0,False,,12
25/07/2023,37,14,3.0,444.0,0.0,-444.0,False,,12
26/07/2023,37,14,3.0,444.0,0.0,-444.0,False,,12
27/07/2023,37,14,3.0,444.0,0.0,-444.0,False,,12
28/07/2023,37,14,3.0,444.0,0.0,-444.0,False,,12
29/07/2023,37,14,3.0,444.0,0.0,-444.0,False,,12
31/07/2023,37,14,3.0,444.0,0.0,-444.0,False,,11
01/08/2023,37,14,3.0,444.0,0.0,-444.0,False,,12
02/08/2023,37,14,3.0,444.0,0.0,-444.0,False,,12
03/08/2023,37,14,3.0,444.0,0.0,-444.0,False,,12
04/08/2023,37,14,3.0,444.0,0.0,-444.0,False,,13
05/08/2023,37,14,3.0,444.0,0.0,-444.0,False,,12
07/08/2023,37,14,3.0,444.0,0.0,-444.0,False,,11
08/08/2023,37,14,3.0,444.0,0.0,-444.0,False,,11
09/08/2023,37,14,3.0,444.0,0.0,-444.0,False,,12
10/08/2023,37,14,3.0,444.0,0.0,-444.0,False,,11
11/08/2023,37,14,3.0,444.0,0.0,-444.0,False,,12
12/08/2023,37,14,3.0,444.0,0.0,-444.0,False,,11
14/08/2023,37,14,3.0,444.0,0.0,-444.0,False,,11
15/08/2023,37,14,3.0,444.0,0.0,-444.0,False,,12
16/08/2023,37,14,3.0,444.0,0.0,-444.0,False,,12
17/08/2023,37,14,3.0,444.0,0.0,-444.0,False,,11
18/08/2023,37,14,3.0,444.0,0.0,-444.0,False,,11
19/08/2023,37,14,3.0,444.0,0.0,-444.0,False,,12
21/08/2023,37,14,3.0,444.0,0.0,-444.0,False,,11
22/08/2023,37,14,3.0,444.0,0.0,-444.0,False,,12
23/08/2023,37,14,3.0,444.0,0.0,-444.0,False,,12
24/08/2023,37,14,3.0,444.0,0.0,-444.0,False,,12
25/08/2023,37,14,3.0,444.0,0.0,-444.0,False,,12
09/09/2023,37,14,3.0,444.0,0.0,-444.0,False,,12
11/09/2023,37,14,3.0,444.0,0.0,-444.0,False,,12
12/09/2023,37,14,3.0,444.0,0.0,-444.0,False,,12
13/09/2023,37,14,3.0,444.0,0.0,-444.0,False,,12
14/09/2023,37,14,3.0,444.0,0.0,-444.0,False,,12
15/09/2023,37,14,3.0,444.0,0.0,-444.0,False,,12
16/09/2023,37,14,3.0,444.0,0.0,-444.0,False,,12
18/09/2023,37,14,3.0,444.0,0.0,-444.0,False,,12
19/09/2023,37,14,3.0,444.0,0.0,-444.0,False,,12
20/09/2023,37,14,3.0,444.0,0.0,-444.0,False,,12
21/09/2023,37,14,3.0,444.0,0.0,-444.0,False,,13
22/09/2023,37,14,3.0,444.0,0.0,-444.0,False,,11
23/09/2023,37,14,3.0,444.0,0.0,-444.0,False,,12
25/09/2023,37,14,3.0,444.0,0.0,-444.0,False,,12
26/09/2023,37,14,3.0,444.0,0.0,-444.0,False,,12
27/09/2023,37,14,3.0,444.0,0.0,-444.0,False,,12
28/09/2023,37,14,3.0,444.0,0.0,-444.0,False,,12
29/09/2023,37,14,3.0,444.0,0.0,-444.0,False,,12
30/09/2023,37,14,3.0,444.0,0.0,-444.0,False,,12
02/10/2023,37,14,3.0,444.0,0.0,-444.0,False,,13
03/10/2023,37,14,3.0,444.0,0.0,-444.0,False,,12
04/10/2023,37,14,3.0,444.0,0.0,-444.0,False,,12
05/10/2023,37,14,3.0,444.0,0.0,-444.0,False,,12
06/10/2023,37,14,3.0,444.0,0.0,-444.0,False,,12
07/10/2023,37,14,3.0,444.0,0.0,-444.0,False,,13
09/10/2023,37,14,3.0,444.0,0.0,-444.0,False,,11
10/10/2023,37,14,3.0,444.0,0.0,-444.0,False,,12
11/10/2023,37,14,3.0,444.0,0.0,-444.0,False,,11
13/10/2023,37,14,3.0,444.0,0.0,-444.0,False,,12
14/10/2023,37,14,3.0,444.0,0.0,-444.0,False,,11
16/10/2023,37,14,3.0,444.0,0.0,-444.0,False,,12
17/10/2023,37,14,3.0,444.0,0.0,-444.0,False,,12
18/10/2023,37,14,3.0,444.0,0.0,-444.0,False,,12
19/10/2023,37,14,3.0,444.0,0.0,-444.0,False,,12
20/10/2023,37,14,3.0,444.0,0.0,-444.0,False,,12
21/10/2023,37,14,3.0,444.0,0.0,-444.0,False,,12
23/10/2023,37,14,3.0,444.0,0.0,-444.0,False,,12
24/10/2023,37,14,3.0,444.0,0.0,-444.0,False,,13
25/10/2023,37,14,3.0,444.0,0.0,-444.0,False,,12
26/10/2023,37,14,3.0,444.0,0.0,-444.0,False,,12
27/10/2023,37,14,3.0,444.0,0.0,-444.0,False,,11
28/10/2023,37,14,3.0,444.0,0.0,-444.0,False,,12
30/10/2023,37,14,3.0,444.0,0.0,-444.0,False,,12
31/10/2023,37,14,3.0,444.0,0.0,-444.0,False,,13
01/11/2023,37,14,3.0,444.0,0.0,-444.0,False,,12
03/11/2023,37,14,3.0,444.0,0.0,-444.0,False,,13
04/11/2023,37,14,3.0,444.0,0.0,-444.0,False,,12
06/11/2023,37,14,3.0,444.0,0.0,-444.0,False,,13
07/11/2023,37,14,3.0,444.0,0.0,-444.0,False,,12
08/11/2023,37,14,3.0,444.0,0.0,-444.0,False,,12
09/11/2023,37,14,3.0,444.0,0.0,-444.0,False,,12
10/11/2023,37,14,3.0,444.0,0.0,-444.0,False,,12
11/11/2023,37,14,3.0,444.0,0.0,-444.0,False,,12
13/11/2023,37,14,3.0,444.0,0.0,-444.0,False,,12
14/11/2023,37,14,3.0,444.0,0.0,-444.0,False,,12
16/11/2023,37,14,3.0,444.0,0.0,-444.0,False,,12
17/11/2023,37,14,3.0,444.0,0.0,-444.0,False,,12
18/11/2023,37,14,3.0,444.0,0.0,-444.0,False,,12
20/11/2023,37,14,3.0,444.0,0.0,-444.0,False,,12
21/11/2023,37,14,3.0,444.0,0.0,-444.0,False,,12
22/11/2023,37,14,3.0,444.0,0.0,-444.0,False,,12
23/11/2023,37,14,3.0,444.0,0.0,-444.0,False,,13
24/11/2023,37,14,3.0,444.0,0.0,-444.0,False,,12
25/11/2023,37,14,3.0,444.0,0.0,-444.0,False,,12
27/11/2023,37,14,3.0,444.0,0.0,-444.0,False,,12
28/11/2023,37,14,3.0,444.0,0.0,-444.0,False,,12
29/11/2023,37,14,3.0,444.0,0.0,-444.0,False,,12
30/11/2023,37,14,3.0,444.0,0.0,-444.0,False,,12
01/12/2023,37,14,3.0,444.0,0.0,-444.0,False,,12
02/12/2023,37,14,3.0,444.0,0.0,-444.0,False,,12
04/12/2023,37,14,3.0,444.0,0.0,-444.0,False,,12
05/12/2023,37,14,3.0,444.0,0.0,-444.0,False,,12
06/12/2023,37,14,3.0,444.0,0.0,-444.0,False,,12
07/12/2023,37,14,3.0,444.0,0.0,-444.0,False,,12
08/12/2023,37,14,3.0,444.0,0.0,-444.0,False,,12
09/12/2023,37,14,3.0,444.0,0.0,-444.0,False,,12
11/12/2023,37,14,3.0,444.0,0.0,-444.0,False,,12
12/12/2023,37,14,3.0,444.0,0.0,-444.0,False,,12
13/12/2023,37,14,3.0,444.0,0.0,-444.0,False,,12
14/12/2023,37,14,3.0,444.0,0.0,-444.0,False,,12
15/12/2023,37,14,3.0,444.0,0.0,-444.0,False,,12
16/12/2023,37,14,3.0,444.0,0.0,-444.0,False,,12
18/12/2023,37,14,3.0,444.0,0.0,-444.0,False,,12
19/12/2023,37,14,3.0,444.0,0.0,-444.0,False,,12
20/12/2023,37,14,3.0,444.0,0.0,-444.0,False,,13
21/12/2023,37,14,3.0,444.0,0.0,-444.0,False,,12
22/12/2023,37,14,3.0,444.0,0.0,-444.0,False,,12
23/12/2023,37,14,3.0,444.0,0.0,-444.0,False,,12
26/12/2023,37,14,3.0,444.0,0.0,-444.0,False,,12
27/12/2023,37,14,3.0,444.0,0.0,-444.0,False,,12
28/12/2023,37,14,3.0,444.0,0.0,-444.0,False,,12
29/12/2023,37,14,3.0,444.0,0.0,-444.0,False,,12
30/12/2023,37,14,3.0,444.0,0.0,-444.0,False,,12
02/01/2024,37,14,3.0,444.0,0.0,-444.0,False,,12
03/01/2024,37,14,3.0,444.0,0.0,-444.0,False,,12
04/01/2024,37,14,3.0,444.0,0.0,-444.0,False,,12
05/01/2024,37,14,3.0,444.0,0.0,-444.0,False,,12
06/01/2024,37,14,3.0,444.0,0.0,-444.0,False,,12
08/01/2024,37,14,3.0,444.0,0.0,-444.0,False,,13
09/01/2024,37,14,3.0,444.0,0.0,-444.0,False,,13
10/01/2024,37,14,3.0,444.0,0.0,-444.0,False,,12
11/01/2024,37,14,3.0,444.0,0.0,-444.0,False,,12
12/01/2024,37,14,3.0,444.0,0.0,-444.0,False,,12
13/01/2024,37,14,3.0,444.0,0.0,-444.0,False,,12
15/01/2024,37,14,3.0,444.0,0.0,-444.0,False,,12
16/01/2024,37,14,3.0,444.0,0.0,-444.0,False,,13
17/01/2024,37,14,3.0,444.0,0.0,-444.0,False,,12
18/01/2024,37,14,3.0,444.0,0.0,-444.0,False,,12
19/01/2024,37,14,3.0,444.0,0.0,-444.0,False,,12
20/01/2024,37,14,3.0,444.0,0.0,-444.0,False,,12
22/01/2024,37,14,3.0,444.0,0.0,-444.0,False,,12
23/01/2024,37,14,3.0,444.0,0.0,-444.0,False,,12
24/01/2024,37,14,3.0,444.0,0.0,-444.0,False,,12
25/01/2024,37,14,3.0,444.0,0.0,-444.0,False,,12
26/01/2024,37,14,3.0,444.0,0.0,-444.0,False,,12
27/01/2024,37,14,3.0,444.0,0.0,-444.0,False,,12
29/01/2024,37,14,3.0,444.0,0.0,-444.0,False,,12
30/01/2024,37,14,3.0,444.0,0.0,-444.0,False,,12
31/01/2024,37,14,3.0,444.0,0.0,-444.0,False,,12
01/02/2024,37,14,3.0,444.0,0.0,-444.0,False,,12
02/02/2024,37,14,3.0,444.0,0.0,-444.0,False,,12
03/02/2024,37,14,3.0,444.0,0.0,-444.0,False,,12
05/02/2024,37,14,3.0,444.0,0.0,-444.0,False,,12
06/02/2024,37,14,3.0,444.0,0.0,-444.0,False,,13
07/02/2024,37,14,3.0,444.0,0.0,-444.0,False,,12
08/02/2024,37,14,3.0,444.0,0.0,-444.0,False,,12
09/02/2024,37,14,3.0,444.0,0.0,-444.0,False,,12
10/02/2024,37,14,3.0,444.0,0.0,-444.0,False,,12
14/02/2024,37,14,3.0,444.0,0.0,-444.0,False,,11
15/02/2024,37,14,3.0,444.0,0.0,-444.0,False,,12
16/02/2024,37,14,3.0,444.0,0.0,-444.0,False,,12
17/02/2024,37,14,3.0,444.0,0.0,-444.0,False,,12
19/02/2024,37,14,3.0,444.0,0.0,-444.0,False,,13
20/02/2024,37,14,3.0,444.0,0.0,-444.0,False,,12
21/02/2024,37,14,3.0,444.0,1525.61,1081.61,True,30,14
22/02/2024,37,14,3.0,444.0,0.0,-444.0,False,,13
23/02/2024,37,14,3.0,444.0,0.0,-444.0,False,,12
24/02/2024,37,14,3.0,444.0,0.0,-444.0,False,,13
26/02/2024,37,14,3.0,444.0,0.0,-444.0,False,,13
27/02/2024,37,14,3.0,444.0,0.0,-444.0,False,,13
28/02/2024,37,14,3.0,444.0,0.0,-444.0,False,,12
29/02/2024,37,14,3.0,444.0,0.0,-444.0,False,,12
01/03/2024,37,14,3.0,444.0,0.0,-444.0,False,,13
02/03/2024,37,14,3.0,444.0,0.0,-444.0,False,,12
04/03/2024,37,14,3.0,444.0,0.0,-444.0,False,,12
05/03/2024,37,14,3.0,444.0,0.0,-444.0,False,,12
06/03/2024,37,14,3.0,444.0,0.0,-444.0,False,,13
07/03/2024,37,14,3.0,444.0,0.0,-444.0,False,,12
08/03/2024,37,14,3.0,444.0,0.0,-444.0,False,,12
09/03/2024,37,14,3.0,444.0,0.0,-444.0,False,,13
11/03/2024,37,14,3.0,444.0,0.0,-444.0,False,,12
12/03/2024,37,14,3.0,444.0,0.0,-444.0,False,,12
13/03/2024,37,14,3.0,444.0,0.0,-444.0,False,,12
14/03/2024,37,14,3.0,444.0,0.0,-444.0,False,,12
15/03/2024,37,14,3.0,444.0,0.0,-444.0,False,,12
16/03/2024,37,14,3.0,444.0,0.0,-444.0,False,,12
18/03/2024,37,14,3.0,444.0,0.0,-444.0,False,,12
19/03/2024,37,14,3.0,444.0,0.0,-444.0,False,,13
20/03/2024,37,14,3.0,444.0,0.0,-444.0,False,,13
21/03/2024,37,14,3.0,444.0,0.0,-444.0,False,,12
22/03/2024,37,14,3.0,444.0,0.0,-444.0,False,,12
23/03/2024,37,14,3.0,444.0,0.0,-444.0,False,,12
25/03/2024,37,14,3.0,444.0,0.0,-444.0,False,,12
26/03/2024,37,14,3.0,444.0,0.0,-444.0,False,,12
27/03/2024,37,14,3.0,444.0,0.0,-444.0,False,,12
28/03/2024,37,14,3.0,444.0,0.0,-444.0,False,,12
30/03/2024,37,14,3.0,444.0,0.0,-444.0,False,,12
01/04/2024,37,14,3.0,444.0,0.0,-444.0,False,,12
02/04/2024,37,14,3.0,444.0,0.0,-444.0,False,,12
03/04/2024,37,14,3.0,444.0,0.0,-444.0,False,,12
04/04/2024,37,14,3.0,444.0,0.0,-444.0,False,,12
05/04/2024,37,14,3.0,444.0,0.0,-444.0,False,,12
06/04/2024,37,14,3.0,444.0,0.0,-444.0,False,,12
08/04/2024,37,14,3.0,444.0,0.0,-444.0,False,,13
09/04/2024,37,14,3.0,444.0,0.0,-444.0,False,,13
10/04/2024,37,14,3.0,444.0,0.0,-444.0,False,,13
11/04/2024,37,14,3.0,444.0,0.0,-444.0,False,,13
12/04/2024,37,14,3.0,444.0,0.0,-444.0,False,,12
13/04/2024,37,14,3.0,444.0,0.0,-444.0,False,,12
15/04/2024,37,14,3.0,444.0,0.0,-444.0,False,,13
16/04/2024,37,14,3.0,444.0,0.0,-444.0,False,,11
17/04/2024,37,14,3.0,444.0,0.0,-444.0,False,,13
18/04/2024,37,14,3.0,444.0,0.0,-444.0,False,,11
19/04/2024,37,14,3.0,444.0,0.0,-444.0,False,,11
20/04/2024,37,14,3.0,444.0,0.0,-444.0,False,,12
22/04/2024,37,14,3.0,444.0,0.0,-444.0,False,,13
23/04/2024,37,14,3.0,444.0,0.0,-444.0,False,,12
24/04/2024,37,14,3.0,444.0,0.0,-444.0,False,,12
25/04/2024,37,14,3.0,444.0,0.0,-444.0,False,,12
26/04/2024,37,14,3.0,444.0,0.0,-444.0,False,,12
27/04/2024,37,14,3.0,444.0,0.0,-444.0,False,,12
29/04/2024,37,14,3.0,444.0,0.0,-444.0,False,,12
30/04/2024,37,14,3.0,444.0,0.0,-444.0,False,,12
02/05/2024,37,14,3.0,444.0,0.0,-444.0,False,,12
03/05/2024,37,14,3.0,444.0,0.0,-444.0,False,,13
04/05/2024,37,14,3.0,444.0,0.0,-444.0,False,,12
06/05/2024,37,14,3.0,444.0,0.0,-444.0,False,,13
07/05/2024,37,14,3.0,444.0,0.0,-444.0,False,,12
08/05/2024,37,14,3.0,444.0,0.0,-444.0,False,,12
09/05/2024,37,14,3.0,444.0,0.0,-444.0,False,,12
10/05/2024,37,14,3.0,444.0,0.0,-444.0,False,,13
11/05/2024,37,14,3.0,444.0,0.0,-444.0,False,,12
13/05/2024,37,14,3.0,444.0,0.0,-444.0,False,,13
14/05/2024,37,14,3.0,444.0,0.0,-444.0,False,,12
15/05/2024,37,14,3.0,444.0,0.0,-444.0,False,,12
16/05/2024,37,14,3.0,444.0,0.0,-444.0,False,,12
17/05/2024,37,14,3.0,444.0,0.0,-444.0,False,,12
18/05/2024,37,14,3.0,444.0,0.0,-444.0,False,,12
20/05/2024,37,14,3.0,444.0,0.0,-444.0,False,,12
21/05/2024,37,14,3.0,444.0,0.0,-444.0,False,,12
22/05/2024,37,14,3.0,444.0,0.0,-444.0,False,,13
23/05/2024,37,14,3.0,444.0,0.0,-444.0,False,,12
24/05/2024,37,14,3.0,444.0,0.0,-444.0,False,,13
25/05/2024,37,14,3.0,444.0,1589.18,1145.18,True,7,14
27/05/2024,37,14,3.0,444.0,0.0,-444.0,False,,13
28/05/2024,37,14,3.0,444.0,0.0,-444.0,False,,12
29/05/2024,37,14,3.0,444.0,0.0,-444.0,False,,12
31/05/2024,37,14,3.0,444.0,0.0,-444.0,False,,11
01/06/2024,37,14,3.0,444.0,0.0,-444.0,False,,12
03/06/2024,37,14,3.0,444.0,0.0,-444.0,False,,12
04/06/2024,37,14,3.0,444.0,0.0,-444.0,False,,12
05/06/2024,37,14,3.0,444.0,0.0,-444.0,False,,12
06/06/2024,37,14,3.0,444.0,0.0,-444.0,False,,13
07/06/2024,37,14,3.0,444.0,0.0,-444.0,False,,13
08/06/2024,37,14,3.0,444.0,0.0,-444.0,False,,12
10/06/2024,37,14,3.0,444.0,0.0,-444.0,False,,12
11/06/2024,37,14,3.0,444.0,0.0,-444.0,False,,12
12/06/2024,37,14,3.0,444.0,0.0,-444.0,False,,12
13/06/2024,37,14,3.0,444.0,0.0,-444.0,False,,13
14/06/2024,37,14,3.0,444.0,0.0,-444.0,False,,12
15/06/2024,37,14,3.0,444.0,0.0,-444.0,False,,12
17/06/2024,37,14,3.0,444.0,0.0,-444.0,False,,12
18/06/2024,37,14,3.0,444.0,0.0,-444.0,False,,13
19/06/2024,37,14,3.0,444.0,0.0,-444.0,False,,13
20/06/2024,37,14,3.0,444.0,0.0,-444.0,False,,13
21/06/2024,37,14,3.0,444.0,0.0,-444.0,False,,12
22/06/2024,37,14,3.0,444.0,0.0,-444.0,False,,12
24/06/2024,37,14,3.0,444.0,985.23,541.23,True,21,14
25/06/2024,37,14,3.0,444.0,0.0,-444.0,False,,12
26/06/2024,37,14,3.0,444.0,0.0,-444.0,False,,13
27/06/2024,37,14,3.0,444.0,0.0,-444.0,False,,12
28/06/2024,37,14,3.0,444.0,0.0,-444.0,False,,13
29/06/2024,37,14,3.0,444.0,0.0,-444.0,False,,13
01/07/2024,37,14,3.0,444.0,0.0,-444.0,False,,11
02/07/2024,37,14,3.0,444.0,0.0,-444.0,False,,13
03/07/2024,37,14,3.0,444.0,0.0,-444.0,False,,12
04/07/2024,37,14,3.0,444.0,0.0,-444.0,False,,13
05/07/2024,37,14,3.0,444.0,0.0,-444.0,False,,12
06/07/2024,37,14,3.0,444.0,0.0,-444.0,False,,12
08/07/2024,37,14,3.0,444.0,0.0,-444.0,False,,12
09/07/2024,37,14,3.0,444.0,0.0,-444.0,False,,12
10/07/2024,37,14,3.0,444.0,0.0,-444.0,False,,12
11/07/2024,37,14,3.0,444.0,0.0,-444.0,False,,13
12/07/2024,37,14,3.0,444.0,0.0,-444.0,False,,11
13/07/2024,37,14,3.0,444.0,0.0,-444.0,False,,12
15/07/2024,37,14,3.0,444.0,0.0,-444.0,False,,13
16/07/2024,37,14,3.0,444.0,0.0,-444.0,False,,12
17/07/2024,37,14,3.0,444.0,0.0,-444.0,False,,12
18/07/2024,37,14,3.0,444.0,0.0,-444.0,False,,12
19/07/2024,37,14,3.0,444.0,0.0,-444.0,False,,12
20/07/2024,37,14,3.0,444.0,0.0,-444.0,False,,12
22/07/2024,37,14,3.0,444.0,0.0,-444.0,False,,11
23/07/2024,37,14,3.0,444.0,0.0,-444.0,False,,11
24/07/2024,37,14,3.0,444.0,0.0,-444.0,False,,12
25/07/2024,37,14,3.0,444.0,0.0,-444.0,False,,12
26/07/2024,37,14,3.0,444.0,0.0,-444.0,False,,12
27/07/2024,37,14,3.0,444.0,0.0,-444.0,False,,13
29/07/2024,37,14,3.0,444.0,0.0,-444.0,False,,13
30/07/2024,37,14,3.0,444.0,0.0,-444.0,False,,12
31/07/2024,37,14,3.0,444.0,0.0,-444.0,False,,12
01/08/2024,37,14,3.0,444.0,0.0,-444.0,False,,12
02/08/2024,37,14,3.0,444.0,0.0,-444.0,False,,13
03/08/2024,37,14,3.0,444.0,0.0,-444.0,False,,13
05/08/2024,37,14,3.0,444.0,0.0,-444.0,False,,12
06/08/2024,37,14,3.0,444.0,0.0,-444.0,False,,12
07/08/2024,37,14,3.0,444.0,0.0,-444.0,False,,13
08/08/2024,37,14,3.0,444.0,0.0,-444.0,False,,12
09/08/2024,37,14,3.0,444.0,0.0,-444.0,False,,12
10/08/2024,37,14,3.0,444.0,0.0,-444.0,False,,12
12/08/2024,37,14,3.0,444.0,0.0,-444.0,False,,12
13/08/2024,37,14,3.0,444.0,0.0,-444.0,False,,12
14/08/2024,37,14,3.0,444.0,0.0,-444.0,False,,12
15/08/2024,37,14,3.0,444.0,0.0,-444.0,False,,12
16/08/2024,37,14,3.0,444.0,0.0,-444.0,False,,13
17/08/2024,37,14,3.0,444.0,0.0,-444.0,False,,13
19/08/2024,37,14,3.0,444.0,0.0,-444.0,False,,13
20/08/2024,37,14,3.0,444.0,0.0,-444.0,False,,13
21/08/2024,37,14,3.0,444.0,0.0,-444.0,False,,13
22/08/2024,37,14,3.0,444.0,0.0,-444.0,False,,13
23/08/2024,37,14,3.0,444.0,0.0,-444.0,False,,13
09/09/2024,37,14,3.0,444.0,0.0,-444.0,False,,13
10/09/2024,37,14,3.0,444.0,0.0,-444.0,False,,13
11/09/2024,37,14,3.0,444.0,0.0,-444.0,False,,12
12/09/2024,37,14,3.0,444.0,0.0,-444.0,False,,12
13/09/2024,37,14,3.0,444.0,0.0,-444.0,False,,12
14/09/2024,37,14,3.0,444.0,0.0,-444.0,False,,12
16/09/2024,37,14,3.0,444.0,0.0,-444.0,False,,13
17/09/2024,37,14,3.0,444.0,0.0,-444.0,False,,12
18/09/2024,37,14,3.0,444.0,0.0,-444.0,False,,12
19/09/2024,37,14,3.0,444.0,0.0,-444.0,False,,11
20/09/2024,37,14,3.0,444.0,0.0,-444.0,False,,12
21/09/2024,37,14,3.0,444.0,0.0,-444.0,False,,12
23/09/2024,37,14,3.0,444.0,0.0,-444.0,False,,13
24/09/2024,37,14,3.0,444.0,0.0,-444.0,False,,12
25/09/2024,37,14,3.0,444.0,0.0,-444.0,False,,12
26/09/2024,37,14,3.0,444.0,0.0,-444.0,False,,13
27/09/2024,37,14,3.0,444.0,0.0,-444.0,False,,13
28/09/2024,37,14,3.0,444.0,0.0,-444.0,False,,12
30/09/2024,37,14,3.0,444.0,0.0,-444.0,False,,12
01/10/2024,37,14,3.0,444.0,0.0,-444.0,False,,12
02/10/2024,37,14,3.0,444.0,0.0,-444.0,False,,12
03/10/2024,37,14,3.0,444.0,0.0,-444.0,False,,12
04/10/2024,37,14,3.0,444.0,0.0,-444.0,False,,13
05/10/2024,37,14,3.0,444.0,0.0,-444.0,False,,12
07/10/2024,37,14,3.0,444.0,0.0,-444.0,False,,12
08/10/2024,37,14,3.0,444.0,0.0,-444.0,False,,12
09/10/2024,37,14,3.0,444.0,0.0,-444.0,False,,12
10/10/2024,37,14,3.0,444.0,0.0,-444.0,False,,12
11/10/2024,37,14,3.0,444.0,0.0,-444.0,False,,12
14/10/2024,37,14,3.0,444.0,0.0,-444.0,False,,12
15/10/2024,37,14,3.0,444.0,0.0,-444.0,False,,12
16/10/2024,37,14,3.0,444.0,0.0,-444.0,False,,12
17/10/2024,37,14,3.0,444.0,0.0,-444.0,False,,12
18/10/2024,37,14,3.0,444.0,0.0,-444.0,False,,12
19/10/2024,37,14,3.0,444.0,0.0,-444.0,False,,12
21/10/2024,37,14,3.0,444.0,0.0,-444.0,False,,12
22/10/2024,37,14,3.0,444.0,0.0,-444.0,False,,12
23/10/2024,37,14,3.0,444.0,0.0,-444.0,False,,12
24/10/2024,37,14,3.0,444.0,0.0,-444.0,False,,13
25/10/2024,37,14,3.0,444.0,0.0,-444.0,False,,12
26/10/2024,37,14,3.0,444.0,0.0,-444.0,False,,12
28/10/2024,37,14,3.0,444.0,0.0,-444.0,False,,12
29/10/2024,37,14,3.0,444.0,0.0,-444.0,False,,12
30/10/2024,37,14,3.0,444.0,0.0,-444.0,False,,12
31/10/2024,37,14,3.0,444.0,0.0,-444.0,False,,12
01/11/2024,37,14,3.0,444.0,0.0,-444.0,False,,12
04/11/2024,37,14,3.0,444.0,0.0,-444.0,False,,12
05/11/2024,37,14,3.0,444.0,0.0,-444.0,False,,11
06/11/2024,37,14,3.0,444.0,0.0,-444.0,False,,13
07/11/2024,37,14,3.0,444.0,0.0,-444.0,False,,12
08/11/2024,37,14,3.0,444.0,0.0,-444.0,False,,12
09/11/2024,37,14,3.0,444.0,0.0,-444.0,False,,13
11/11/2024,37,14,3.0,444.0,0.0,-444.0,False,,12
12/11/2024,37,14,3.0,444.0,0.0,-444.0,False,,12
13/11/2024,37,14,3.0,444.0,0.0,-444.0,False,,12
14/11/2024,37,14,3.0,444.0,0.0,-444.0,False,,12
16/11/2024,37,14,3.0,444.0,0.0,-444.0,False,,12
18/11/2024,37,14,3.0,444.0,0.0,-444.0,False,,13
19/11/2024,37,14,3.0,444.0,0.0,-444.0,False,,12
21/11/2024,37,14,3.0,444.0,0.0,-444.0,False,,12
22/11/2024,37,14,3.0,444.0,0.0,-444.0,False,,12
23/11/2024,37,14,3.0,444.0,0.0,-444.0,False,,12
25/11/2024,37,14,3.0,444.0,0.0,-444.0,False,,12
26/11/2024,37,14,3.0,444.0,0.0,-444.0,False,,12
27/11/2024,37,14,3.0,444.0,0.0,-444.0,False,,12
28/11/2024,37,14,3.0,444.0,0.0,-444.0,False,,12
29/11/2024,37,14,3.0,444.0,0.0,-444.0,False,,12
30/11/2024,37,14,3.0,444.0,0.0,-444.0,False,,12
02/12/2024,37,14,3.0,444.0,0.0,-444.0,False,,12
03/12/2024,37,14,3.0,444.0,0.0,-444.0,False,,12
04/12/2024,37,14,3.0,444.0,0.0,-444.0,False,,12
05/12/2024,37,14,3.0,444.0,0.0,-444.0,False,,12
06/12/2024,37,14,3.0,444.0,0.0,-444.0,False,,12
07/12/2024,37,14,3.0,444.0,0.0,-444.0,False,,12
09/12/2024,37,14,3.0,444.0,0.0,-444.0,False,,12
10/12/2024,37,14,3.0,444.0,0.0,-444.0,False,,13
11/12/2024,37,14,3.0,444.0,0.0,-444.0,False,,12
12/12/2024,37,14,3.0,444.0,0.0,-444.0,False,,12
13/12/2024,37,14,3.0,444.0,0.0,-444.0,False,,12
14/12/2024,37,14,3.0,444.0,0.0,-444.0,False,,12
16/12/2024,37,14,3.0,444.0,0.0,-444.0,False,,13
17/12/2024,37,14,3.0,444.0,0.0,-444.0,False,,12
18/12/2024,37,14,3.0,444.0,0.0,-444.0,False,,12
19/12/2024,37,14,3.0,444.0,0.0,-444.0,False,,13
20/12/2024,37,14,3.0,444.0,0.0,-444.0,False,,13
21/12/2024,37,14,3.0,444.0,0.0,-444.0,False,,13
23/12/2024,37,14,3.0,444.0,0.0,-444.0,False,,12
24/12/2024,37,14,3.0,444.0,0.0,-444.0,False,,12
26/12/2024,37,14,3.0,444.0,0.0,-444.0,False,,12
27/12/2024,37,14,3.0,444.0,0.0,-444.0,False,,12
28/12/2024,37,14,3.0,444.0,0.0,-444.0,False,,13
30/12/2024,37,14,3.0,444.0,0.0,-444.0,False,,12
31/12/2024,37,14,3.0,444.0,0.0,-444.0,False,,12
02/01/2025,37,14,3.0,444.0,0.0,-444.0,False,,12
03/01/2025,37,14,3.0,444.0,0.0,-444.0,False,,12
04/01/2025,37,14,3.0,444.0,0.0,-444.0,False,,12
06/01/2025,37,14,3.0,444.0,0.0,-444.0,False,,13
07/01/2025,37,14,3.0,444.0,0.0,-444.0,False,,12
08/01/2025,37,14,3.0,444.0,0.0,-444.0,False,,12
09/01/2025,37,14,3.0,444.0,0.0,-444.0,False,,12
10/01/2025,37,14,3.0,444.0,0.0,-444.0,False,,13
11/01/2025,37,14,3.0,444.0,0.0,-444.0,False,,12
13/01/2025,37,14,3.0,444.0,0.0,-444.0,False,,12
14/01/2025,37,14,3.0,444.0,0.0,-444.0,False,,13
15/01/2025,37,14,3.0,444.0,0.0,-444.0,False,,12
16/01/2025,37,14,3.0,444.0,0.0,-444.0,False,,12
17/01/2025,37,14,3.0,444.0,0.0,-444.0,False,,12
18/01/2025,37,14,3.0,444.0,0.0,-444.0,False,,12
20/01/2025,37,14,3.0,444.0,0.0,-444.0,False,,12
21/01/2025,37,14,3.0,444.0,0.0,-444.0,False,,13
22/01/2025,37,14,3.0,444.0,0.0,-444.0,False,,12
23/01/2025,37,14,3.0,444.0,0.0,-444.0,False,,12
24/01/2025,37,14,3.0,444.0,0.0,-444.0,False,,13
25/01/2025,37,14,3.0,444.0,0.0,-444.0,False,,13
27/01/2025,37,14,3.0,444.0,0.0,-444.0,False,,13
28/01/2025,37,14,3.0,444.0,0.0,-444.0,False,,13
29/01/2025,37,14,3.0,444.0,0.0,-444.0,False,,13
30/01/2025,37,14,3.0,444.0,0.0,-444.0,False,,12
31/01/2025,37,14,3.0,444.0,0.0,-444.0,False,,12
01/02/2025,37,14,3.0,444.0,0.0,-444.0,False,,13
03/02/2025,37,14,3.0,444.0,0.0,-444.0,False,,12
04/02/2025,37,14,3.0,444.0,0.0,-444.0,False,,12
05/02/2025,37,14,3.0,444.0,0.0,-444.0,False,,12
06/02/2025,37,14,3.0,444.0,0.0,-444.0,False,,12
07/02/2025,37,14,3.0,444.0,0.0,-444.0,False,,12
08/02/2025,37,14,3.0,444.0,0.0,-444.0,False,,12
10/02/2025,37,14,3.0,444.0,0.0,-444.0,False,,12
11/02/2025,37,14,3.0,444.0,0.0,-444.0,False,,12
12/02/2025,37,14,3.0,444.0,0.0,-444.0,False,,12
13/02/2025,37,14,3.0,444.0,0.0,-444.0,False,,12
14/02/2025,37,14,3.0,444.0,0.0,-444.0,False,,12
15/02/2025,37,14,3.0,444.0,0.0,-444.0,False,,12
17/02/2025,37,14,3.0,444.0,0.0,-444.0,False,,13
18/02/2025,37,14,3.0,444.0,0.0,-444.0,False,,12
19/02/2025,37,14,3.0,444.0,0.0,-444.0,False,,12
20/02/2025,37,14,3.0,444.0,0.0,-444.0,False,,12
21/02/2025,37,14,3.0,444.0,0.0,-444.0,False,,11
22/02/2025,37,14,3.0,444.0,0.0,-444.0,False,,12
24/02/2025,37,14,3.0,444.0,0.0,-444.0,False,,12
25/02/2025,37,14,3.0,444.0,0.0,-444.0,False,,12
26/02/2025,37,14,3.0,444.0,0.0,-444.0,False,,12
27/02/2025,37,14,3.0,444.0,0.0,-444.0,False,,12
28/02/2025,37,14,3.0,444.0,0.0,-444.0,False,,12
01/03/2025,37,14,3.0,444.0,0.0,-444.0,False,,12
05/03/2025,37,14,3.0,444.0,0.0,-444.0,False,,12
06/03/2025,37,14,3.0,444.0,0.0,-444.0,False,,12
07/03/2025,37,14,3.0,444.0,0.0,-444.0,False,,13
08/03/2025,37,14,3.0,444.0,0.0,-444.0,False,,12
10/03/2025,37,14,3.0,444.0,0.0,-444.0,False,,12
11/03/2025,37,14,3.0,444.0,0.0,-444.0,False,,12
12/03/2025,37,14,3.0,444.0,0.0,-444.0,False,,12
13/03/2025,37,14,3.0,444.0,0.0,-444.0,False,,12
14/03/2025,37,14,3.0,444.0,0.0,-444.0,False,,12
15/03/2025,37,14,3.0,444.0,0.0,-444.0,False,,12
17/03/2025,37,14,3.0,444.0,0.0,-444.0,False,,12
18/03/2025,37,14,3.0,444.0,0.0,-444.0,False,,12
19/03/2025,37,14,3.0,444.0,0.0,-444.0,False,,12
20/03/2025,37,14,3.0,444.0,0.0,-444.0,False,,12
21/03/2025,37,14,3.0,444.0,0.0,-444.0,False,,12
22/03/2025,37,14,3.0,444.0,0.0,-444.0,False,,12
24/03/2025,37,14,3.0,444.0,0.0,-444.0,False,,12
25/03/2025,37,14,3.0,444.0,0.0,-444.0,False,,12
26/03/2025,37,14,3.0,444.0,0.0,-444.0,False,,12
27/03/2025,37,14,3.0,444.0,0.0,-444.0,False,,12
28/03/2025,37,14,3.0,444.0,0.0,-444.0,False,,12
29/03/2025,37,14,3.0,444.0,0.0,-444.0,False,,13
31/03/2025,37,14,3.0,444.0,0.0,-444.0,False,,13
01/04/2025,37,14,3.0,444.0,0.0,-444.0,False,,12
02/04/2025,37,14,3.0,444.0,0.0,-444.0,False,,13
03/04/2025,37,14,3.0,444.0,0.0,-444.0,False,,12
04/04/2025,37,14,3.0,444.0,0.0,-444.0,False,,12
05/04/2025,37,14,3.0,444.0,0.0,-444.0,False,,12
07/04/2025,37,14,3.0,444.0,0.0,-444.0,False,,12
08/04/2025,37,14,3.0,444.0,0.0,-444.0,False,,12
09/04/2025,37,14,3.0,444.0,0.0,-444.0,False,,11
10/04/2025,37,14,3.0,444.0,0.0,-444.0,False,,13
11/04/2025,37,14,3.0,444.0,0.0,-444.0,False,,12
12/04/2025,37,14,3.0,444.0,0.0,-444.0,False,,12
14/04/2025,37,14,3.0,444.0,0.0,-444.0,False,,12
15/04/2025,37,14,3.0,444.0,0.0,-444.0,False,,13
16/04/2025,37,14,3.0,444.0,0.0,-444.0,False,,12
17/04/2025,37,14,3.0,444.0,0.0,-444.0,False,,13
19/04/2025,37,14,3.0,444.0,0.0,-444.0,False,,12
22/04/2025,37,14,3.0,444.0,0.0,-444.0,False,,12
23/04/2025,37,14,3.0,444.0,0.0,-444.0,False,,13
24/04/2025,37,14,3.0,444.0,0.0,-444.0,False,,13
25/04/2025,37,14,3.0,444.0,0.0,-444.0,False,,12
26/04/2025,37,14,3.0,444.0,2039.53,1595.53,True,14,14
28/04/2025,37,14,3.0,444.0,0.0,-444.0,False,,12
29/04/2025,37,14,3.0,444.0,0.0,-444.0,False,,13
30/04/2025,37,14,3.0,444.0,0.0,-444.0,False,,12
02/05/2025,37,14,3.0,444.0,0.0,-444.0,False,,12
03/05/2025,37,14,3.0,444.0,0.0,-444.0,False,,13
05/05/2025,37,14,3.0,444.0,0.0,-444.0,False,,12
06/05/2025,37,14,3.0,444.0,0.0,-444.0,False,,12
07/05/2025,37,14,3.0,444.0,0.0,-444.0,False,,12
08/05/2025,37,14,3.0,444.0,0.0,-444.0,False,,11
09/05/2025,37,14,3.0,444.0,0.0,-444.0,False,,12
10/05/2025,37,14,3.0,444.0,0.0,-444.0,False,,12
12/05/2025,37,14,3.0,444.0,0.0,-444.0,False,,12
13/05/2025,37,14,3.0,444.0,0.0,-444.0,False,,12
14/05/2025,37,14,3.0,444.0,0.0,-444.0,False,,12
15/05/2025,37,14,3.0,444.0,0.0,-444.0,False,,12
16/05/2025,37,14,3.0,444.0,0.0,-444.0,False,,12
17/05/2025,37,14,3.0,444.0,0.0,-444.0,False,,12
19/05/2025,37,14,3.0,444.0,0.0,-444.0,False,,12
20/05/2025,37,14,3.0,444.0,0.0,-444.0,False,,12
21/05/2025,37,14,3.0,444.0,0.0,-444.0,False,,12
22/05/2025,37,14,3.0,444.0,0.0,-444.0,False,,13
23/05/2025,37,14,3.0,444.0,0.0,-444.0,False,,12
24/05/2025,37,14,3.0,444.0,0.0,-444.0,False,,12
26/05/2025,37,14,3.0,444.0,0.0,-444.0,False,,12
27/05/2025,37,14,3.0,444.0,0.0,-444.0,False,,12
28/05/2025,37,14,3.0,446.0,0.0,-446.0,False,,13
29/05/2025,37,14,3.0,448.0,0.0,-448.0,False,,11
30/05/2025,37,14,3.0,450.0,0.0,-450.0,False,,12
31/05/2025,37,14,3.0,452.0,0.0,-452.0,False,,12
02/06/2025,37,14,3.0,454.0,0.0,-454.0,False,,12
03/06/2025,37,14,3.0,456.0,0.0,-456.0,False,,13
04/06/2025,37,14,3.0,458.0,0.0,-458.0,False,,13
05/06/2025,37,14,3.0,460.0,0.0,-460.0,False,,13
06/06/2025,37,14,3.0,462.0,0.0,-462.0,False,,12
07/06/2025,37,14,3.0,464.0,0.0,-464.0,False,,12
09/06/2025,37,14,3.0,466.0,0.0,-466.0,False,,13
10/06/2025,37,14,3.0,468.0,0.0,-468.0,False,,12
11/06/2025,37,14,3.0,470.0,0.0,-470.0,False,,12
12/06/2025,37,14,3.0,472.0,0.0,-472.0,False,,11
13/06/2025,37,14,3.0,474.0,0.0,-474.0,False,,12
14/06/2025,37,14,3.0,476.0,0.0,-476.0,False,,13
16/06/2025,37,14,3.0,478.0,0.0,-478.0,False,,12
17/06/2025,37,14,3.0,480.0,0.0,-480.0,False,,13
18/06/2025,37,14,3.0,482.0,0.0,-482.0,False,,12
20/06/2025,37,14,3.0,484.0,0.0,-484.0,False,,12
21/06/2025,37,14,3.0,486.0,0.0,-486.0,False,,12
23/06/2025,37,14,3.0,488.0,0.0,-488.0,False,,12
24/06/2025,37,14,3.0,490.0,0.0,-490.0,False,,12
25/06/2025,37,14,3.0,492.0,0.0,-492.0,False,,12
26/06/2025,37,14,3.0,494.0,0.0,-494.0,False,,12
27/06/2025,37,14,3.0,496.0,0.0,-496.0,False,,12
28/06/2025,37,14,3.0,498.0,0.0,-498.0,False,,12
30/06/2025,37,14,3.0,500.0,0.0,-500.0,False,,12
01/07/2025,37,14,3.0,502.0,0.0,-502.0,False,,12
02/07/2025,37,14,3.0,504.0,0.0,-504.0,False,,12
03/07/2025,37,14,3.0,506.0,0.0,-506.0,False,,12
04/07/2025,37,14,3.0,508.0,0.0,-508.0,False,,11
05/07/2025,37,14,3.0,510.0,0.0,-510.0,False,,12
07/07/2025,37,14,3.0,512.0,0.0,-512.0,False,,12
08/07/2025,37,14,3.0,514.0,0.0,-514.0,False,,12
09/07/2025,37,14,3.0,516.0,0.0,-516.0,False,,12
10/07/2025,37,14,3.5,518.0,0.0,-518.0,False,,12
11/07/2025,37,14,3.5,518.0,0.0,-518.0,False,,12
12/07/2025,37,14,3.5,518.0,0.0,-518.0,False,,12
14/07/2025,37,14,3.5,518.0,0.0,-518.0,False,,11
15/07/2025,37,14,3.5,518.0,0.0,-518.0,False,,11
16/07/2025,37,14,3.5,518.0,0.0,-518.0,False,,12
17/07/2025,37,14,3.5,518.0,0.0,-518.0,False,,11
18/07/2025,37,14,3.5,518.0,0.0,-518.0,False,,12
19/07/2025,37,14,3.5,518.0,0.0,-518.0,False,,13
21/07/2025,37,14,3.5,518.0,0.0,-518.0,False,,11
22/07/2025,37,14,3.5,518.0,2291.53,1773.53,True,4,14
23/07/2025,37,14,3.5,518.0,0.0,-518.0,False,,12
24/07/2025,37,14,3.5,518.0,0.0,-518.0,False,,12
25/07/2025,37,14,3.5,518.0,0.0,-518.0,False,,12
26/07/2025,37,14,3.5,518.0,0.0,-518.0,False,,13
28/07/2025,37,14,3.5,518.0,0.0,-518.0,False,,13
29/07/2025,37,14,3.5,518.0,0.0,-518.0,False,,13
30/07/2025,37,14,3.5,518.0,0.0,-518.0,False,,13
31/07/2025,37,14,3.5,518.0,0.0,-518.0,False,,13
01/08/2025,37,14,3.5,518.0,0.0,-518.0,False,,12
02/08/2025,37,14,3.5,518.0,0.0,-518.0,False,,13
04/08/2025,37,14,3.5,518.0,0.0,-518.0,False,,12
05/08/2025,37,14,3.5,518.0,0.0,-518.0,False,,12
06/08/2025,37,14,3.5,518.0,0.0,-518.0,False,,12
07/08/2025,37,14,3.5,518.0,0.0,-518.0,False,,13
08/08/2025,37,14,3.5,518.0,0.0,-518.0,False,,13
09/08/2025,37,14,3.5,518.0,0.0,-518.0,False,,12
11/08/2025,37,14,3.5,518.0,0.0,-518.0,False,,13
12/08/2025,37,14,3.5,518.0,0.0,-518.0,False,,12
13/08/2025,37,14,3.5,518.0,0.0,-518.0,False,,11
14/08/2025,37,14,3.5,518.0,0.0,-518.0,False,,12
15/08/2025,37,14,3.5,518.0,0.0,-518.0,False,,12
16/08/2025,37,14,3.5,518.0,0.0,-518.0,False,,12
18/08/2025,37,14,3.5,518.0,0.0,-518.0,False,,13
19/08/2025,37,14,3.5,518.0,0.0,-518.0,False,,12
20/08/2025,37,14,3.5,518.0,0.0,-518.0,False,,12
21/08/2025,37,14,3.5,518.0,0.0,-518.0,False,,12
22/08/2025,37,14,3.5,518.0,0.0,-518.0,False,,12
23/08/2025,37,14,3.5,518.0,0.0,-518.0,False,,12
25/08/2025,37,14,3.5,518.0,0.0,-518.0,False,,12
26/08/2025,37,14,3.5,518.0,0.0,-518.0,False,,12
06/09/2025,37,14,3.5,518.0,0.0,-518.0,False,,12
08/09/2025,37,14,3.5,518.0,0.0,-518.0,False,,12
09/09/2025,37,14,3.5,518.0,0.0,-518.0,False,,12
10/09/2025,37,14,3.5,518.0,0.0,-518.0,False,,12
11/09/2025,37,14,3.5,518.0,0.0,-518.0,False,,12
12/09/2025,37,14,3.5,518.0,0.0,-518.0,False,,12
13/09/2025,37,14,3.5,518.0,0.0,-518.0,False,,12
15/09/2025,37,14,3.5,518.0,0.0,-518.0,False,,11
16/09/2025,37,14,3.5,518.0,0.0,-518.0,False,,11
17/09/2025,37,14,3.5,518.0,0.0,-518.0,False,,12
18/09/2025,37,14,3.5,518.0,0.0,-518.0,False,,12
19/09/2025,37,14,3.5,518.0,0.0,-518.0,False,,11
20/09/2025,37,14,3.5,518.0,0.0,-518.0,False,,11
22/09/2025,37,14,3.5,518.0,0.0,-518.0,False,,12
23/09/2025,37,14,3.5,518.0,0.0,-518.0,False,,12
24/09/2025,37,14,3.5,518.0,0.0,-518.0,False,,12
25/09/2025,37,14,3.5,518.0,0.0,-518.0,False,,12
26/09/2025,37,14,3.5,518.0,0.0,-518.0,False,,12
27/09/2025,37,14,3.5,518.0,0.0,-518.0,False,,12
29/09/2025,37,14,3.5,518.0,0.0,-518.0,False,,13
30/09/2025,37,14,3.5,518.0,0.0,-518.0,False,,12
01/10/2025,37,14,3.5,518.0,0.0,-518.0,False,,12
02/10/2025,37,14,3.5,518.0,0.0,-518.0,False,,12
03/10/2025,37,14,3.5,518.0,0.0,-518.0,False,,12
04/10/2025,37,14,3.5,518.0,0.0,-518.0,False,,13
06/10/2025,37,14,3.5,518.0,0.0,-518.0,False,,12
07/10/2025,37,14,3.5,518.0,0.0,-518.0,False,,13
08/10/2025,37,14,3.5,518.0,0.0,-518.0,False,,12
09/10/2025,37,14,3.5,518.0,0.0,-518.0,False,,12
10/10/2025,37,14,3.5,518.0,0.0,-518.0,False,,12
11/10/2025,37,14,3.5,518.0,0.0,-518.0,False,,11
13/10/2025,37,14,3.5,518.0,0.0,-518.0,False,,12
14/10/2025,37,14,3.5,518.0,0.0,-518.0,False,,11
15/10/2025,37,14,3.5,518.0,0.0,-518.0,False,,13
16/10/2025,37,14,3.5,518.0,0.0,-518.0,False,,12
17/10/2025,37,14,3.5,518.0,0.0,-518.0,False,,11
18/10/2025,37,14,3.5,518.0,0.0,-518.0,False,,12
20/10/2025,37,14,3.5,518.0,0.0,-518.0,False,,12
21/10/2025,37,14,3.5,518.0,0.0,-518.0,False,,12
22/10/2025,37,14,3.5,518.0,0.0,-518.0,False,,12
23/10/2025,37,14,3.5,518.0,0.0,-518.0,False,,13
24/10/2025,37,14,3.5,518.0,0.0,-518.0,False,,11
25/10/2025,37,14,3.5,518.0,0.0,-518.0,False,,11
27/10/2025,37,14,3.5,518.0,0.0,-518.0,False,,13
28/10/2025,37,14,3.5,518.0,0.0,-518.0,False,,12
29/10/2025,37,14,3.5,518.0,0.0,-518.0,False,,12
30/10/2025,37,14,3.5,518.0,0.0,-518.0,False,,12
31/10/2025,37,14,3.5,518.0,0.0,-518.0,False,,12
01/11/2025,37,14,3.5,518.0,0.0,-518.0,False,,12
03/11/2025,37,14,3.5,518.0,0.0,-518.0,False,,12
04/11/2025,37,14,3.5,518.0,0.0,-518.0,False,,11
05/11/2025,37,14,3.5,518.0,0.0,-518.0,False,,12
06/11/2025,37,14,3.5,518.0,0.0,-518.0,False,,12
07/11/2025,37,14,3.5,518.0,0.0,-518.0,False,,12
08/11/2025,37,14,3.5,518.0,0.0,-518.0,False,,12
10/11/2025,37,14,3.5,518.0,0.0,-518.0,False,,12
11/11/2025,37,14,3.5,518.0,0.0,-518.0,False,,13
12/11/2025,37,14,3.5,518.0,0.0,-518.0,False,,12
13/11/2025,37,14,3.5,518.0,0.0,-518.0,False,,12
14/11/2025,37,14,3.5,518.0,0.0,-518.0,False,,12
17/11/2025,37,14,3.5,518.0,0.0,-518.0,False,,12
18/11/2025,37,14,3.5,518.0,0.0,-518.0,False,,12
19/11/2025,37,14,3.5,518.0,0.0,-518.0,False,,12
21/11/2025,37,14,3.5,518.0,0.0,-518.0,False,,12
22/11/2025,37,14,3.5,518.0,0.0,-518.0,False,,12
24/11/2025,37,14,3.5,518.0,0.0,-518.0,False,,12
25/11/2025,37,14,3.5,518.0,0.0,-518.0,False,,12
26/11/2025,37,14,3.5,518.0,0.0,-518.0,False,,12
27/11/2025,37,14,3.5,518.0,0.0,-518.0,False,,12
28/11/2025,37,14,3.5,518.0,0.0,-518.0,False,,12
29/11/2025,37,14,3.5,518.0,0.0,-518.0,False,,12
01/12/2025,37,14,3.5,518.0,0.0,-518.0,False,,11
02/12/2025,37,14,3.5,518.0,0.0,-518.0,False,,12
03/12/2025,37,14,3.5,518.0,0.0,-518.0,False,,12
04/12/2025,37,14,3.5,518.0,0.0,-518.0,False,,12
05/12/2025,37,14,3.5,518.0,0.0,-518.0,False,,12
06/12/2025,37,14,3.5,518.0,0.0,-518.0,False,,12
08/12/2025,37,14,3.5,518.0,0.0,-518.0,False,,12
09/12/2025,37,14,3.5,518.0,0.0,-518.0,False,,11
10/12/2025,37,14,3.5,518.0,0.0,-518.0,False,,12
11/12/2025,37,14,3.5,518.0,0.0,-518.0,False,,12
12/12/2025,37,14,3.5,518.0,0.0,-518.0,False,,13
13/12/2025,37,14,3.5,518.0,0.0,-518.0,False,,12
15/12/2025,37,14,3.5,518.0,0.0,-518.0,False,,13
16/12/2025,37,14,3.5,518.0,0.0,-518.0,False,,13
17/12/2025,37,14,3.5,518.0,0.0,-518.0,False,,12
18/12/2025,37,14,3.5,518.0,0.0,-518.0,False,,12
19/12/2025,37,14,3.5,518.0,0.0,-518.0,False,,12
20/12/2025,37,14,3.5,518.0,0.0,-518.0,False,,12
22/12/2025,37,14,3.5,518.0,0.0,-518.0,False,,12
23/12/2025,37,14,3.5,518.0,0.0,-518.0,False,,12
24/12/2025,37,14,3.5,518.0,0.0,-518.0,False,,12
26/12/2025,37,14,3.5,518.0,0.0,-518.0,False,,11
27/12/2025,37,14,3.5,518.0,0.0,-518.0,False,,12
29/12/2025,37,14,3.5,518.0,0.0,-518.0,False,,12
30/12/2025,37,14,3.5,518.0,0.0,-518.0,False,,12
01/01/2026,37,14,3.5,518.0,0.0,-518.0,False,,12
02/01/2026,37,14,3.5,518.0,0.0,-518.0,False,,13
03/01/2026,37,14,3.5,518.0,0.0,-518.0,False,,12
05/01/2026,37,14,3.5,518.0,0.0,-518.0,False,,12
06/01/2026,37,14,3.5,518.0,0.0,-518.0,False,,12
07/01/2026,37,14,3.5,518.0,0.0,-518.0,False,,11
